2026-04-22 13:01:05 - INFO - app.core.graph:31 - --- 正在为租户 tenant_A 检索资料 ---
2026-04-22 14:27:17 - INFO - app.core.graph:33 - --- 正在为租户 tenant_A 检索资料 ---
2026-04-22 14:29:14 - INFO - app.core.graph:33 - --- 正在为租户 tenant_A 检索资料 ---
2026-04-22 14:35:41 - INFO - app.core.graph:33 - --- 正在为租户 tenant_A 检索资料 ---
2026-04-22 14:35:46 - INFO - app.core.rag_engine:58 - 为租户 tenant_A 初始化 RAG 引擎
2026-04-22 14:35:46 - ERROR - app.core.rag_engine:79 - 加载向量库失败: Error in __cdecl faiss::FileIOReader::FileIOReader(const char *) at D:\a\faiss-wheels\faiss-wheels\third-party\faiss\faiss\impl\io.cpp:70: Error: 'f' failed: could not open storage\tenant_A\index\index.faiss for reading: No such file or directory
Traceback (most recent call last):
  File "D:\HJ\PythonProject\enterprise_knowledge_base\app\core\rag_engine.py", line 73, in load_vector_store
    return FAISS.load_local(
  File "E:\python\envs_dirs\py310\lib\site-packages\langchain_community\vectorstores\faiss.py", line 1205, in load_local
    index = faiss.read_index(str(path / f"{index_name}.faiss"))
  File "E:\python\envs_dirs\py310\lib\site-packages\faiss\swigfaiss_avx2.py", line 12913, in read_index
    return _swigfaiss_avx2.read_index(*args)
RuntimeError: Error in __cdecl faiss::FileIOReader::FileIOReader(const char *) at D:\a\faiss-wheels\faiss-wheels\third-party\faiss\faiss\impl\io.cpp:70: Error: 'f' failed: could not open storage\tenant_A\index\index.faiss for reading: No such file or directory
2026-04-22 14:35:46 - INFO - app.core.graph:50 - --- 正在生成回答 ---
2026-04-22 14:39:09 - INFO - app.core.graph:33 - --- 正在为租户 tenant_A 检索资料 ---
2026-04-22 14:39:13 - INFO - app.core.rag_engine:58 - 为租户 tenant_A 初始化 RAG 引擎
2026-04-22 14:39:13 - ERROR - app.core.rag_engine:79 - 加载向量库失败: Error in __cdecl faiss::FileIOReader::FileIOReader(const char *) at D:\a\faiss-wheels\faiss-wheels\third-party\faiss\faiss\impl\io.cpp:70: Error: 'f' failed: could not open storage\tenant_A\index\index.faiss for reading: No such file or directory
Traceback (most recent call last):
  File "D:\HJ\PythonProject\enterprise_knowledge_base\app\core\rag_engine.py", line 73, in load_vector_store
    return FAISS.load_local(
  File "E:\python\envs_dirs\py310\lib\site-packages\langchain_community\vectorstores\faiss.py", line 1205, in load_local
    index = faiss.read_index(str(path / f"{index_name}.faiss"))
  File "E:\python\envs_dirs\py310\lib\site-packages\faiss\swigfaiss_avx2.py", line 12913, in read_index
    return _swigfaiss_avx2.read_index(*args)
RuntimeError: Error in __cdecl faiss::FileIOReader::FileIOReader(const char *) at D:\a\faiss-wheels\faiss-wheels\third-party\faiss\faiss\impl\io.cpp:70: Error: 'f' failed: could not open storage\tenant_A\index\index.faiss for reading: No such file or directory
2026-04-22 14:39:13 - INFO - app.core.graph:50 - --- 正在生成回答 ---
2026-04-22 14:39:14 - INFO - app.core.graph:72 - --- 回答生成完成 ---
2026-04-22 14:43:17 - INFO - app.core.graph:33 - --- 正在为租户 tenant_A 检索资料 ---
2026-04-22 14:43:21 - INFO - app.core.rag_engine:58 - 为租户 tenant_A 初始化 RAG 引擎
2026-04-22 14:43:21 - ERROR - app.core.rag_engine:79 - 加载向量库失败: Error in __cdecl faiss::FileIOReader::FileIOReader(const char *) at D:\a\faiss-wheels\faiss-wheels\third-party\faiss\faiss\impl\io.cpp:70: Error: 'f' failed: could not open storage\tenant_A\index\index.faiss for reading: No such file or directory
Traceback (most recent call last):
  File "D:\HJ\PythonProject\enterprise_knowledge_base\app\core\rag_engine.py", line 73, in load_vector_store
    return FAISS.load_local(
  File "E:\python\envs_dirs\py310\lib\site-packages\langchain_community\vectorstores\faiss.py", line 1205, in load_local
    index = faiss.read_index(str(path / f"{index_name}.faiss"))
  File "E:\python\envs_dirs\py310\lib\site-packages\faiss\swigfaiss_avx2.py", line 12913, in read_index
    return _swigfaiss_avx2.read_index(*args)
RuntimeError: Error in __cdecl faiss::FileIOReader::FileIOReader(const char *) at D:\a\faiss-wheels\faiss-wheels\third-party\faiss\faiss\impl\io.cpp:70: Error: 'f' failed: could not open storage\tenant_A\index\index.faiss for reading: No such file or directory
2026-04-22 14:43:21 - INFO - app.core.graph:50 - --- 正在生成回答 ---
2026-04-22 14:43:22 - INFO - app.core.graph:72 - --- 回答生成完成 ---
2026-04-22 14:53:46 - INFO - app.core.graph:33 - --- 正在为租户 tenant_A 检索资料 ---
2026-04-22 14:53:52 - INFO - app.core.rag_engine:58 - 为租户 tenant_A 初始化 RAG 引擎
2026-04-22 14:53:52 - ERROR - app.core.rag_engine:79 - 加载向量库失败: Error in __cdecl faiss::FileIOReader::FileIOReader(const char *) at D:\a\faiss-wheels\faiss-wheels\third-party\faiss\faiss\impl\io.cpp:70: Error: 'f' failed: could not open storage\tenant_A\index\index.faiss for reading: No such file or directory
Traceback (most recent call last):
  File "D:\HJ\PythonProject\enterprise_knowledge_base\app\core\rag_engine.py", line 73, in load_vector_store
    return FAISS.load_local(
  File "E:\python\envs_dirs\py310\lib\site-packages\langchain_community\vectorstores\faiss.py", line 1205, in load_local
    index = faiss.read_index(str(path / f"{index_name}.faiss"))
  File "E:\python\envs_dirs\py310\lib\site-packages\faiss\swigfaiss_avx2.py", line 12913, in read_index
    return _swigfaiss_avx2.read_index(*args)
RuntimeError: Error in __cdecl faiss::FileIOReader::FileIOReader(const char *) at D:\a\faiss-wheels\faiss-wheels\third-party\faiss\faiss\impl\io.cpp:70: Error: 'f' failed: could not open storage\tenant_A\index\index.faiss for reading: No such file or directory
2026-04-22 14:53:52 - INFO - app.core.graph:50 - --- 正在生成回答 ---
2026-04-22 14:53:52 - INFO - app.core.graph:55 - 上下文:
2026-04-22 14:53:53 - INFO - app.core.graph:75 - --- 回答生成完成 ---你好！很高兴为你提供帮助。😊
2026-04-22 15:37:10 - INFO - app.core.graph:33 - --- 正在为租户 tenant_A 检索资料 ---
2026-04-22 15:37:15 - INFO - app.core.rag_engine:58 - 为租户 tenant_A 初始化 RAG 引擎
2026-04-22 15:37:15 - ERROR - app.core.rag_engine:79 - 加载向量库失败: Error in __cdecl faiss::FileIOReader::FileIOReader(const char *) at D:\a\faiss-wheels\faiss-wheels\third-party\faiss\faiss\impl\io.cpp:70: Error: 'f' failed: could not open storage\tenant_A\index\index.faiss for reading: No such file or directory
Traceback (most recent call last):
  File "D:\HJ\PythonProject\enterprise_knowledge_base\app\core\rag_engine.py", line 73, in load_vector_store
    return FAISS.load_local(
  File "E:\python\envs_dirs\py310\lib\site-packages\langchain_community\vectorstores\faiss.py", line 1205, in load_local
    index = faiss.read_index(str(path / f"{index_name}.faiss"))
  File "E:\python\envs_dirs\py310\lib\site-packages\faiss\swigfaiss_avx2.py", line 12913, in read_index
    return _swigfaiss_avx2.read_index(*args)
RuntimeError: Error in __cdecl faiss::FileIOReader::FileIOReader(const char *) at D:\a\faiss-wheels\faiss-wheels\third-party\faiss\faiss\impl\io.cpp:70: Error: 'f' failed: could not open storage\tenant_A\index\index.faiss for reading: No such file or directory
2026-04-22 15:37:15 - INFO - app.core.graph:50 - --- 正在生成回答 ---
2026-04-22 15:37:15 - WARNING - app.core.graph:61 - 未找到参考资料 (context_docs 为空)
2026-04-22 15:37:15 - INFO - app.core.graph:85 - 使用通用模式回答（无参考资料）
2026-04-22 15:37:16 - INFO - app.core.graph:91 - --- 回答生成完成 ---
2026-04-22 15:38:43 - INFO - app.core.graph:33 - --- 正在为租户 tenant_A 检索资料 ---
2026-04-22 15:38:43 - INFO - app.core.rag_engine:58 - 为租户 tenant_A 初始化 RAG 引擎
2026-04-22 15:38:43 - ERROR - app.core.rag_engine:79 - 加载向量库失败: Error in __cdecl faiss::FileIOReader::FileIOReader(const char *) at D:\a\faiss-wheels\faiss-wheels\third-party\faiss\faiss\impl\io.cpp:70: Error: 'f' failed: could not open storage\tenant_A\index\index.faiss for reading: No such file or directory
Traceback (most recent call last):
  File "D:\HJ\PythonProject\enterprise_knowledge_base\app\core\rag_engine.py", line 73, in load_vector_store
    return FAISS.load_local(
  File "E:\python\envs_dirs\py310\lib\site-packages\langchain_community\vectorstores\faiss.py", line 1205, in load_local
    index = faiss.read_index(str(path / f"{index_name}.faiss"))
  File "E:\python\envs_dirs\py310\lib\site-packages\faiss\swigfaiss_avx2.py", line 12913, in read_index
    return _swigfaiss_avx2.read_index(*args)
RuntimeError: Error in __cdecl faiss::FileIOReader::FileIOReader(const char *) at D:\a\faiss-wheels\faiss-wheels\third-party\faiss\faiss\impl\io.cpp:70: Error: 'f' failed: could not open storage\tenant_A\index\index.faiss for reading: No such file or directory
2026-04-22 15:38:43 - INFO - app.core.graph:50 - --- 正在生成回答 ---
2026-04-22 15:38:43 - WARNING - app.core.graph:61 - 未找到参考资料 (context_docs 为空)
2026-04-22 15:38:43 - INFO - app.core.graph:85 - 使用通用模式回答（无参考资料）
2026-04-22 15:38:48 - INFO - app.core.graph:91 - --- 回答生成完成 ---
2026-04-22 15:46:22 - INFO - app.core.graph:33 - --- 正在为租户 tenant_A 检索资料 ---
2026-04-22 15:46:27 - INFO - app.core.rag_engine:58 - 为租户 tenant_A 初始化 RAG 引擎
2026-04-22 15:46:27 - ERROR - app.core.rag_engine:79 - 加载向量库失败: Error in __cdecl faiss::FileIOReader::FileIOReader(const char *) at D:\a\faiss-wheels\faiss-wheels\third-party\faiss\faiss\impl\io.cpp:70: Error: 'f' failed: could not open storage\tenant_A\index\index.faiss for reading: No such file or directory
Traceback (most recent call last):
  File "D:\HJ\PythonProject\enterprise_knowledge_base\app\core\rag_engine.py", line 73, in load_vector_store
    return FAISS.load_local(
  File "E:\python\envs_dirs\py310\lib\site-packages\langchain_community\vectorstores\faiss.py", line 1205, in load_local
    index = faiss.read_index(str(path / f"{index_name}.faiss"))
  File "E:\python\envs_dirs\py310\lib\site-packages\faiss\swigfaiss_avx2.py", line 12913, in read_index
    return _swigfaiss_avx2.read_index(*args)
RuntimeError: Error in __cdecl faiss::FileIOReader::FileIOReader(const char *) at D:\a\faiss-wheels\faiss-wheels\third-party\faiss\faiss\impl\io.cpp:70: Error: 'f' failed: could not open storage\tenant_A\index\index.faiss for reading: No such file or directory
2026-04-22 15:46:27 - INFO - app.core.graph:50 - --- 正在生成回答 ---
2026-04-22 15:46:27 - WARNING - app.core.graph:61 - 未找到参考资料 (context_docs 为空)
2026-04-22 15:46:27 - INFO - app.core.graph:85 - 使用通用模式回答（无参考资料）
2026-04-22 15:46:28 - INFO - app.core.graph:91 - --- 回答生成完成 ---
2026-04-22 15:52:22 - INFO - app.core.graph:33 - --- 正在为租户 tenant_A 检索资料 ---
2026-04-22 15:52:27 - INFO - app.core.rag_engine:58 - 为租户 tenant_A 初始化 RAG 引擎
2026-04-22 15:52:27 - ERROR - app.core.rag_engine:79 - 加载向量库失败: Error in __cdecl faiss::FileIOReader::FileIOReader(const char *) at D:\a\faiss-wheels\faiss-wheels\third-party\faiss\faiss\impl\io.cpp:70: Error: 'f' failed: could not open storage\tenant_A\index\index.faiss for reading: No such file or directory
Traceback (most recent call last):
  File "D:\HJ\PythonProject\enterprise_knowledge_base\app\core\rag_engine.py", line 73, in load_vector_store
    return FAISS.load_local(
  File "E:\python\envs_dirs\py310\lib\site-packages\langchain_community\vectorstores\faiss.py", line 1205, in load_local
    index = faiss.read_index(str(path / f"{index_name}.faiss"))
  File "E:\python\envs_dirs\py310\lib\site-packages\faiss\swigfaiss_avx2.py", line 12913, in read_index
    return _swigfaiss_avx2.read_index(*args)
RuntimeError: Error in __cdecl faiss::FileIOReader::FileIOReader(const char *) at D:\a\faiss-wheels\faiss-wheels\third-party\faiss\faiss\impl\io.cpp:70: Error: 'f' failed: could not open storage\tenant_A\index\index.faiss for reading: No such file or directory
2026-04-22 15:52:27 - INFO - app.core.graph:50 - --- 正在生成回答 ---
2026-04-22 15:52:27 - WARNING - app.core.graph:61 - 未找到参考资料 (context_docs 为空)
2026-04-22 15:52:27 - INFO - app.core.graph:85 - 使用通用模式回答（无参考资料）
2026-04-22 15:52:27 - INFO - app.core.graph:91 - --- 回答生成完成 ---
2026-04-22 16:03:59 - INFO - app.core.graph:33 - --- 正在为租户 tenant_A 检索资料 ---
2026-04-22 16:04:04 - INFO - app.core.rag_engine:58 - 为租户 tenant_A 初始化 RAG 引擎
2026-04-22 16:04:04 - ERROR - app.core.rag_engine:79 - 加载向量库失败: Error in __cdecl faiss::FileIOReader::FileIOReader(const char *) at D:\a\faiss-wheels\faiss-wheels\third-party\faiss\faiss\impl\io.cpp:70: Error: 'f' failed: could not open storage\tenant_A\index\index.faiss for reading: No such file or directory
Traceback (most recent call last):
  File "D:\HJ\PythonProject\enterprise_knowledge_base\app\core\rag_engine.py", line 73, in load_vector_store
    return FAISS.load_local(
  File "E:\python\envs_dirs\py310\lib\site-packages\langchain_community\vectorstores\faiss.py", line 1205, in load_local
    index = faiss.read_index(str(path / f"{index_name}.faiss"))
  File "E:\python\envs_dirs\py310\lib\site-packages\faiss\swigfaiss_avx2.py", line 12913, in read_index
    return _swigfaiss_avx2.read_index(*args)
RuntimeError: Error in __cdecl faiss::FileIOReader::FileIOReader(const char *) at D:\a\faiss-wheels\faiss-wheels\third-party\faiss\faiss\impl\io.cpp:70: Error: 'f' failed: could not open storage\tenant_A\index\index.faiss for reading: No such file or directory
2026-04-22 16:04:04 - INFO - app.core.graph:50 - --- 正在生成回答 ---
2026-04-22 16:04:04 - WARNING - app.core.graph:61 - 未找到参考资料 (context_docs 为空)
2026-04-22 16:04:04 - INFO - app.core.graph:85 - 使用通用模式回答（无参考资料）
2026-04-22 16:04:04 - INFO - app.core.graph:91 - --- 回答生成完成 ---
2026-04-23 12:27:19 - INFO - app.core.graph:33 - --- 正在为租户 tenant_A 检索资料 ---
2026-04-23 12:27:30 - INFO - app.core.rag_engine:58 - 为租户 tenant_A 初始化 RAG 引擎
2026-04-23 12:27:30 - ERROR - app.core.rag_engine:79 - 加载向量库失败: Error in __cdecl faiss::FileIOReader::FileIOReader(const char *) at D:\a\faiss-wheels\faiss-wheels\third-party\faiss\faiss\impl\io.cpp:70: Error: 'f' failed: could not open storage\tenant_A\index\index.faiss for reading: No such file or directory
Traceback (most recent call last):
  File "D:\HJ\PythonProject\enterprise_knowledge_base\app\core\rag_engine.py", line 73, in load_vector_store
    return FAISS.load_local(
  File "E:\python\envs_dirs\py310\lib\site-packages\langchain_community\vectorstores\faiss.py", line 1205, in load_local
    index = faiss.read_index(str(path / f"{index_name}.faiss"))
  File "E:\python\envs_dirs\py310\lib\site-packages\faiss\swigfaiss_avx2.py", line 12913, in read_index
    return _swigfaiss_avx2.read_index(*args)
RuntimeError: Error in __cdecl faiss::FileIOReader::FileIOReader(const char *) at D:\a\faiss-wheels\faiss-wheels\third-party\faiss\faiss\impl\io.cpp:70: Error: 'f' failed: could not open storage\tenant_A\index\index.faiss for reading: No such file or directory
2026-04-23 12:27:30 - INFO - app.core.graph:50 - --- 正在生成回答 ---
2026-04-23 12:27:30 - WARNING - app.core.graph:61 - 未找到参考资料 (context_docs 为空)
2026-04-23 12:27:30 - INFO - app.core.graph:85 - 使用通用模式回答（无参考资料）
2026-04-23 12:27:30 - INFO - app.core.graph:91 - --- 回答生成完成 ---
2026-04-23 12:27:54 - INFO - app.core.graph:33 - --- 正在为租户 tenant_A 检索资料 ---
2026-04-23 12:27:54 - INFO - app.core.rag_engine:58 - 为租户 tenant_A 初始化 RAG 引擎
2026-04-23 12:27:54 - ERROR - app.core.rag_engine:79 - 加载向量库失败: Error in __cdecl faiss::FileIOReader::FileIOReader(const char *) at D:\a\faiss-wheels\faiss-wheels\third-party\faiss\faiss\impl\io.cpp:70: Error: 'f' failed: could not open storage\tenant_A\index\index.faiss for reading: No such file or directory
Traceback (most recent call last):
  File "D:\HJ\PythonProject\enterprise_knowledge_base\app\core\rag_engine.py", line 73, in load_vector_store
    return FAISS.load_local(
  File "E:\python\envs_dirs\py310\lib\site-packages\langchain_community\vectorstores\faiss.py", line 1205, in load_local
    index = faiss.read_index(str(path / f"{index_name}.faiss"))
  File "E:\python\envs_dirs\py310\lib\site-packages\faiss\swigfaiss_avx2.py", line 12913, in read_index
    return _swigfaiss_avx2.read_index(*args)
RuntimeError: Error in __cdecl faiss::FileIOReader::FileIOReader(const char *) at D:\a\faiss-wheels\faiss-wheels\third-party\faiss\faiss\impl\io.cpp:70: Error: 'f' failed: could not open storage\tenant_A\index\index.faiss for reading: No such file or directory
2026-04-23 12:27:54 - INFO - app.core.graph:50 - --- 正在生成回答 ---
2026-04-23 12:27:54 - WARNING - app.core.graph:61 - 未找到参考资料 (context_docs 为空)
2026-04-23 12:27:54 - INFO - app.core.graph:85 - 使用通用模式回答（无参考资料）
2026-04-23 12:27:54 - INFO - app.core.graph:91 - --- 回答生成完成 ---
2026-04-23 12:28:14 - INFO - app.core.graph:33 - --- 正在为租户 tenant_A 检索资料 ---
2026-04-23 12:28:14 - INFO - app.core.rag_engine:58 - 为租户 tenant_A 初始化 RAG 引擎
2026-04-23 12:28:14 - ERROR - app.core.rag_engine:79 - 加载向量库失败: Error in __cdecl faiss::FileIOReader::FileIOReader(const char *) at D:\a\faiss-wheels\faiss-wheels\third-party\faiss\faiss\impl\io.cpp:70: Error: 'f' failed: could not open storage\tenant_A\index\index.faiss for reading: No such file or directory
Traceback (most recent call last):
  File "D:\HJ\PythonProject\enterprise_knowledge_base\app\core\rag_engine.py", line 73, in load_vector_store
    return FAISS.load_local(
  File "E:\python\envs_dirs\py310\lib\site-packages\langchain_community\vectorstores\faiss.py", line 1205, in load_local
    index = faiss.read_index(str(path / f"{index_name}.faiss"))
  File "E:\python\envs_dirs\py310\lib\site-packages\faiss\swigfaiss_avx2.py", line 12913, in read_index
    return _swigfaiss_avx2.read_index(*args)
RuntimeError: Error in __cdecl faiss::FileIOReader::FileIOReader(const char *) at D:\a\faiss-wheels\faiss-wheels\third-party\faiss\faiss\impl\io.cpp:70: Error: 'f' failed: could not open storage\tenant_A\index\index.faiss for reading: No such file or directory
2026-04-23 12:28:14 - INFO - app.core.graph:50 - --- 正在生成回答 ---
2026-04-23 12:28:14 - WARNING - app.core.graph:61 - 未找到参考资料 (context_docs 为空)
2026-04-23 12:28:14 - INFO - app.core.graph:85 - 使用通用模式回答（无参考资料）
2026-04-23 12:28:14 - INFO - app.core.graph:91 - --- 回答生成完成 ---
2026-04-23 12:28:58 - INFO - app.core.graph:33 - --- 正在为租户 tenant_A 检索资料 ---
2026-04-23 12:29:02 - INFO - app.core.rag_engine:58 - 为租户 tenant_A 初始化 RAG 引擎
2026-04-23 12:29:02 - ERROR - app.core.rag_engine:79 - 加载向量库失败: Error in __cdecl faiss::FileIOReader::FileIOReader(const char *) at D:\a\faiss-wheels\faiss-wheels\third-party\faiss\faiss\impl\io.cpp:70: Error: 'f' failed: could not open storage\tenant_A\index\index.faiss for reading: No such file or directory
Traceback (most recent call last):
  File "D:\HJ\PythonProject\enterprise_knowledge_base\app\core\rag_engine.py", line 73, in load_vector_store
    return FAISS.load_local(
  File "E:\python\envs_dirs\py310\lib\site-packages\langchain_community\vectorstores\faiss.py", line 1205, in load_local
    index = faiss.read_index(str(path / f"{index_name}.faiss"))
  File "E:\python\envs_dirs\py310\lib\site-packages\faiss\swigfaiss_avx2.py", line 12913, in read_index
    return _swigfaiss_avx2.read_index(*args)
RuntimeError: Error in __cdecl faiss::FileIOReader::FileIOReader(const char *) at D:\a\faiss-wheels\faiss-wheels\third-party\faiss\faiss\impl\io.cpp:70: Error: 'f' failed: could not open storage\tenant_A\index\index.faiss for reading: No such file or directory
2026-04-23 12:29:02 - INFO - app.core.graph:50 - --- 正在生成回答 ---
2026-04-23 12:29:02 - WARNING - app.core.graph:61 - 未找到参考资料 (context_docs 为空)
2026-04-23 12:29:02 - INFO - app.core.graph:85 - 使用通用模式回答（无参考资料）
2026-04-23 12:29:02 - INFO - app.core.graph:91 - --- 回答生成完成 ---<generator object BaseChatModel.stream at 0x0000019A2AF091C0>
2026-04-23 12:30:12 - INFO - app.core.graph:33 - --- 正在为租户 tenant_A 检索资料 ---
2026-04-23 12:30:17 - INFO - app.core.rag_engine:58 - 为租户 tenant_A 初始化 RAG 引擎
2026-04-23 12:30:17 - ERROR - app.core.rag_engine:79 - 加载向量库失败: Error in __cdecl faiss::FileIOReader::FileIOReader(const char *) at D:\a\faiss-wheels\faiss-wheels\third-party\faiss\faiss\impl\io.cpp:70: Error: 'f' failed: could not open storage\tenant_A\index\index.faiss for reading: No such file or directory
Traceback (most recent call last):
  File "D:\HJ\PythonProject\enterprise_knowledge_base\app\core\rag_engine.py", line 73, in load_vector_store
    return FAISS.load_local(
  File "E:\python\envs_dirs\py310\lib\site-packages\langchain_community\vectorstores\faiss.py", line 1205, in load_local
    index = faiss.read_index(str(path / f"{index_name}.faiss"))
  File "E:\python\envs_dirs\py310\lib\site-packages\faiss\swigfaiss_avx2.py", line 12913, in read_index
    return _swigfaiss_avx2.read_index(*args)
RuntimeError: Error in __cdecl faiss::FileIOReader::FileIOReader(const char *) at D:\a\faiss-wheels\faiss-wheels\third-party\faiss\faiss\impl\io.cpp:70: Error: 'f' failed: could not open storage\tenant_A\index\index.faiss for reading: No such file or directory
2026-04-23 12:30:17 - INFO - app.core.graph:50 - --- 正在生成回答 ---
2026-04-23 12:30:17 - WARNING - app.core.graph:61 - 未找到参考资料 (context_docs 为空)
2026-04-23 12:30:17 - INFO - app.core.graph:85 - 使用通用模式回答（无参考资料）
2026-04-23 12:30:17 - INFO - app.core.graph:91 - --- 回答生成完成 ---
2026-04-23 12:30:17 - INFO - app.core.graph:96 - --- 回答生成内容 ---你好！很高兴见到你～有什么问题或需要帮助的地方，随时告诉我哦！😊
2026-04-23 12:31:20 - INFO - app.core.graph:33 - --- 正在为租户 tenant_A 检索资料 ---
2026-04-23 12:31:25 - INFO - app.core.rag_engine:58 - 为租户 tenant_A 初始化 RAG 引擎
2026-04-23 12:31:25 - ERROR - app.core.rag_engine:79 - 加载向量库失败: Error in __cdecl faiss::FileIOReader::FileIOReader(const char *) at D:\a\faiss-wheels\faiss-wheels\third-party\faiss\faiss\impl\io.cpp:70: Error: 'f' failed: could not open storage\tenant_A\index\index.faiss for reading: No such file or directory
Traceback (most recent call last):
  File "D:\HJ\PythonProject\enterprise_knowledge_base\app\core\rag_engine.py", line 73, in load_vector_store
    return FAISS.load_local(
  File "E:\python\envs_dirs\py310\lib\site-packages\langchain_community\vectorstores\faiss.py", line 1205, in load_local
    index = faiss.read_index(str(path / f"{index_name}.faiss"))
  File "E:\python\envs_dirs\py310\lib\site-packages\faiss\swigfaiss_avx2.py", line 12913, in read_index
    return _swigfaiss_avx2.read_index(*args)
RuntimeError: Error in __cdecl faiss::FileIOReader::FileIOReader(const char *) at D:\a\faiss-wheels\faiss-wheels\third-party\faiss\faiss\impl\io.cpp:70: Error: 'f' failed: could not open storage\tenant_A\index\index.faiss for reading: No such file or directory
2026-04-23 12:31:25 - INFO - app.core.graph:50 - --- 正在生成回答 ---
2026-04-23 12:31:25 - WARNING - app.core.graph:61 - 未找到参考资料 (context_docs 为空)
2026-04-23 12:31:25 - INFO - app.core.graph:85 - 使用通用模式回答（无参考资料）
2026-04-23 12:31:25 - INFO - app.core.graph:91 - --- 回答生成完成 ---
2026-04-23 12:31:26 - INFO - app.core.graph:96 - --- 回答生成内容 ---你好！很高兴见到你～有什么问题或需要帮助的地方，随时告诉我哦！😊
2026-04-23 12:34:57 - INFO - app.core.graph:33 - --- 正在为租户 tenant_A 检索资料 ---
2026-04-23 12:35:01 - INFO - app.core.rag_engine:58 - 为租户 tenant_A 初始化 RAG 引擎
2026-04-23 12:35:02 - ERROR - app.core.rag_engine:79 - 加载向量库失败: Error in __cdecl faiss::FileIOReader::FileIOReader(const char *) at D:\a\faiss-wheels\faiss-wheels\third-party\faiss\faiss\impl\io.cpp:70: Error: 'f' failed: could not open storage\tenant_A\index\index.faiss for reading: No such file or directory
Traceback (most recent call last):
  File "D:\HJ\PythonProject\enterprise_knowledge_base\app\core\rag_engine.py", line 73, in load_vector_store
    return FAISS.load_local(
  File "E:\python\envs_dirs\py310\lib\site-packages\langchain_community\vectorstores\faiss.py", line 1205, in load_local
    index = faiss.read_index(str(path / f"{index_name}.faiss"))
  File "E:\python\envs_dirs\py310\lib\site-packages\faiss\swigfaiss_avx2.py", line 12913, in read_index
    return _swigfaiss_avx2.read_index(*args)
RuntimeError: Error in __cdecl faiss::FileIOReader::FileIOReader(const char *) at D:\a\faiss-wheels\faiss-wheels\third-party\faiss\faiss\impl\io.cpp:70: Error: 'f' failed: could not open storage\tenant_A\index\index.faiss for reading: No such file or directory
2026-04-23 12:35:02 - INFO - app.core.graph:50 - --- 正在生成回答 ---
2026-04-23 12:35:02 - WARNING - app.core.graph:61 - 未找到参考资料 (context_docs 为空)
2026-04-23 12:35:02 - INFO - app.core.graph:85 - 使用通用模式回答（无参考资料）
2026-04-23 12:35:02 - INFO - app.core.graph:91 - --- 回答生成完成 ---
2026-04-23 12:35:03 - INFO - app.core.graph:96 - --- 回答生成内容 ---你好呀！很高兴见到你～😊  
有什么问题、想法，或者需要帮忙的地方，随时告诉我哦！
2026-04-23 12:38:01 - INFO - app.core.graph:33 - --- 正在为租户 tenant_A 检索资料 ---
2026-04-23 12:38:06 - INFO - app.core.rag_engine:58 - 为租户 tenant_A 初始化 RAG 引擎
2026-04-23 12:38:06 - ERROR - app.core.rag_engine:79 - 加载向量库失败: Error in __cdecl faiss::FileIOReader::FileIOReader(const char *) at D:\a\faiss-wheels\faiss-wheels\third-party\faiss\faiss\impl\io.cpp:70: Error: 'f' failed: could not open storage\tenant_A\index\index.faiss for reading: No such file or directory
Traceback (most recent call last):
  File "D:\HJ\PythonProject\enterprise_knowledge_base\app\core\rag_engine.py", line 73, in load_vector_store
    return FAISS.load_local(
  File "E:\python\envs_dirs\py310\lib\site-packages\langchain_community\vectorstores\faiss.py", line 1205, in load_local
    index = faiss.read_index(str(path / f"{index_name}.faiss"))
  File "E:\python\envs_dirs\py310\lib\site-packages\faiss\swigfaiss_avx2.py", line 12913, in read_index
    return _swigfaiss_avx2.read_index(*args)
RuntimeError: Error in __cdecl faiss::FileIOReader::FileIOReader(const char *) at D:\a\faiss-wheels\faiss-wheels\third-party\faiss\faiss\impl\io.cpp:70: Error: 'f' failed: could not open storage\tenant_A\index\index.faiss for reading: No such file or directory
2026-04-23 12:38:06 - INFO - app.core.graph:50 - --- 正在生成回答 ---
2026-04-23 12:38:06 - WARNING - app.core.graph:61 - 未找到参考资料 (context_docs 为空)
2026-04-23 12:38:06 - INFO - app.core.graph:85 - 使用通用模式回答（无参考资料）
2026-04-23 12:38:06 - INFO - app.core.graph:91 - --- 回答生成完成 ---
2026-04-23 12:38:07 - INFO - app.core.graph:96 - --- 回答生成内容 ---你好！很高兴见到你～😊 有什么问题或需要帮助的地方，随时告诉我！
2026-04-23 12:39:47 - INFO - app.core.graph:33 - --- 正在为租户 tenant_A 检索资料 ---
2026-04-23 12:39:51 - INFO - app.core.rag_engine:58 - 为租户 tenant_A 初始化 RAG 引擎
2026-04-23 12:39:51 - ERROR - app.core.rag_engine:79 - 加载向量库失败: Error in __cdecl faiss::FileIOReader::FileIOReader(const char *) at D:\a\faiss-wheels\faiss-wheels\third-party\faiss\faiss\impl\io.cpp:70: Error: 'f' failed: could not open storage\tenant_A\index\index.faiss for reading: No such file or directory
Traceback (most recent call last):
  File "D:\HJ\PythonProject\enterprise_knowledge_base\app\core\rag_engine.py", line 73, in load_vector_store
    return FAISS.load_local(
  File "E:\python\envs_dirs\py310\lib\site-packages\langchain_community\vectorstores\faiss.py", line 1205, in load_local
    index = faiss.read_index(str(path / f"{index_name}.faiss"))
  File "E:\python\envs_dirs\py310\lib\site-packages\faiss\swigfaiss_avx2.py", line 12913, in read_index
    return _swigfaiss_avx2.read_index(*args)
RuntimeError: Error in __cdecl faiss::FileIOReader::FileIOReader(const char *) at D:\a\faiss-wheels\faiss-wheels\third-party\faiss\faiss\impl\io.cpp:70: Error: 'f' failed: could not open storage\tenant_A\index\index.faiss for reading: No such file or directory
2026-04-23 12:39:51 - INFO - app.core.graph:50 - --- 正在生成回答 ---
2026-04-23 12:39:51 - WARNING - app.core.graph:61 - 未找到参考资料 (context_docs 为空)
2026-04-23 12:39:51 - INFO - app.core.graph:85 - 使用通用模式回答（无参考资料）
2026-04-23 12:39:51 - INFO - app.core.graph:91 - --- 回答生成完成 ---
2026-04-23 12:39:52 - INFO - app.core.graph:96 - --- 回答生成内容 ---你好！很高兴见到你～有什么问题或需要帮助的地方，随时告诉我哦！😊
2026-04-24 14:04:37 - INFO - app.core.graph:33 - --- 正在为租户 tenant_A 检索资料 ---
2026-04-24 14:04:49 - INFO - app.core.rag_engine:58 - 为租户 tenant_A 初始化 RAG 引擎
2026-04-24 14:04:50 - ERROR - app.core.rag_engine:79 - 加载向量库失败: Error in __cdecl faiss::FileIOReader::FileIOReader(const char *) at D:\a\faiss-wheels\faiss-wheels\third-party\faiss\faiss\impl\io.cpp:70: Error: 'f' failed: could not open storage\tenant_A\index\index.faiss for reading: No such file or directory
Traceback (most recent call last):
  File "D:\HJ\PythonProject\enterprise_knowledge_base\app\core\rag_engine.py", line 73, in load_vector_store
    return FAISS.load_local(
  File "E:\python\envs_dirs\py310\lib\site-packages\langchain_community\vectorstores\faiss.py", line 1205, in load_local
    index = faiss.read_index(str(path / f"{index_name}.faiss"))
  File "E:\python\envs_dirs\py310\lib\site-packages\faiss\swigfaiss_avx2.py", line 12913, in read_index
    return _swigfaiss_avx2.read_index(*args)
RuntimeError: Error in __cdecl faiss::FileIOReader::FileIOReader(const char *) at D:\a\faiss-wheels\faiss-wheels\third-party\faiss\faiss\impl\io.cpp:70: Error: 'f' failed: could not open storage\tenant_A\index\index.faiss for reading: No such file or directory
2026-04-24 14:04:50 - INFO - app.core.graph:50 - --- 正在生成回答 ---
2026-04-24 14:04:50 - WARNING - app.core.graph:61 - 未找到参考资料 (context_docs 为空)
2026-04-24 14:04:50 - INFO - app.core.graph:85 - 使用通用模式回答（无参考资料）
2026-04-24 14:04:50 - INFO - app.core.graph:95 - --- 流式生成内容 --- 你好
2026-04-24 14:04:50 - INFO - app.core.graph:95 - --- 流式生成内容 --- ！很高兴见到
2026-04-24 14:04:50 - INFO - app.core.graph:95 - --- 流式生成内容 --- 你～
2026-04-24 14:04:50 - INFO - app.core.graph:95 - --- 流式生成内容 --- 有什么
2026-04-24 14:04:50 - INFO - app.core.graph:95 - --- 流式生成内容 --- 问题或需要帮助
2026-04-24 14:04:51 - INFO - app.core.graph:95 - --- 流式生成内容 --- 的地方，随时告诉我哦
2026-04-24 14:04:51 - INFO - app.core.graph:95 - --- 流式生成内容 --- ！😊
2026-04-24 14:04:51 - INFO - app.core.graph:103 - --- 回答生成完成 ---
2026-04-24 14:20:07 - INFO - app.core.graph:33 - --- 正在为租户 tenant_A 检索资料 ---
2026-04-24 14:20:11 - INFO - app.core.rag_engine:58 - 为租户 tenant_A 初始化 RAG 引擎
2026-04-24 14:20:11 - ERROR - app.core.rag_engine:79 - 加载向量库失败: Error in __cdecl faiss::FileIOReader::FileIOReader(const char *) at D:\a\faiss-wheels\faiss-wheels\third-party\faiss\faiss\impl\io.cpp:70: Error: 'f' failed: could not open storage\tenant_A\index\index.faiss for reading: No such file or directory
Traceback (most recent call last):
  File "D:\HJ\PythonProject\enterprise_knowledge_base\app\core\rag_engine.py", line 73, in load_vector_store
    return FAISS.load_local(
  File "E:\python\envs_dirs\py310\lib\site-packages\langchain_community\vectorstores\faiss.py", line 1205, in load_local
    index = faiss.read_index(str(path / f"{index_name}.faiss"))
  File "E:\python\envs_dirs\py310\lib\site-packages\faiss\swigfaiss_avx2.py", line 12913, in read_index
    return _swigfaiss_avx2.read_index(*args)
RuntimeError: Error in __cdecl faiss::FileIOReader::FileIOReader(const char *) at D:\a\faiss-wheels\faiss-wheels\third-party\faiss\faiss\impl\io.cpp:70: Error: 'f' failed: could not open storage\tenant_A\index\index.faiss for reading: No such file or directory
2026-04-24 14:20:11 - INFO - app.core.graph:50 - --- 正在生成回答 ---
2026-04-24 14:20:11 - WARNING - app.core.graph:61 - 未找到参考资料 (context_docs 为空)
2026-04-24 14:20:11 - INFO - app.core.graph:85 - 使用通用模式回答（无参考资料）
2026-04-24 14:20:12 - INFO - app.core.graph:95 - --- 流式生成内容 --- 你好
2026-04-24 14:20:12 - INFO - app.core.graph:95 - --- 流式生成内容 --- ！很高兴见到
2026-04-24 14:20:12 - INFO - app.core.graph:95 - --- 流式生成内容 --- 你～
2026-04-24 14:20:12 - INFO - app.core.graph:95 - --- 流式生成内容 --- 有什么
2026-04-24 14:20:12 - INFO - app.core.graph:95 - --- 流式生成内容 --- 问题或需要帮助
2026-04-24 14:20:12 - INFO - app.core.graph:95 - --- 流式生成内容 --- 的地方，随时告诉我哦
2026-04-24 14:20:12 - INFO - app.core.graph:95 - --- 流式生成内容 --- ！😊
2026-04-24 14:20:12 - INFO - app.core.graph:103 - --- 回答生成完成 ---
2026-04-24 14:22:43 - INFO - app.core.graph:33 - --- 正在为租户 tenant_A 检索资料 ---
2026-04-24 14:22:47 - INFO - app.core.rag_engine:58 - 为租户 tenant_A 初始化 RAG 引擎
2026-04-24 14:22:47 - ERROR - app.core.rag_engine:79 - 加载向量库失败: Error in __cdecl faiss::FileIOReader::FileIOReader(const char *) at D:\a\faiss-wheels\faiss-wheels\third-party\faiss\faiss\impl\io.cpp:70: Error: 'f' failed: could not open storage\tenant_A\index\index.faiss for reading: No such file or directory
Traceback (most recent call last):
  File "D:\HJ\PythonProject\enterprise_knowledge_base\app\core\rag_engine.py", line 73, in load_vector_store
    return FAISS.load_local(
  File "E:\python\envs_dirs\py310\lib\site-packages\langchain_community\vectorstores\faiss.py", line 1205, in load_local
    index = faiss.read_index(str(path / f"{index_name}.faiss"))
  File "E:\python\envs_dirs\py310\lib\site-packages\faiss\swigfaiss_avx2.py", line 12913, in read_index
    return _swigfaiss_avx2.read_index(*args)
RuntimeError: Error in __cdecl faiss::FileIOReader::FileIOReader(const char *) at D:\a\faiss-wheels\faiss-wheels\third-party\faiss\faiss\impl\io.cpp:70: Error: 'f' failed: could not open storage\tenant_A\index\index.faiss for reading: No such file or directory
2026-04-24 14:22:47 - INFO - app.core.graph:50 - --- 正在生成回答 ---
2026-04-24 14:22:47 - WARNING - app.core.graph:61 - 未找到参考资料 (context_docs 为空)
2026-04-24 14:22:47 - INFO - app.core.graph:85 - 使用通用模式回答（无参考资料）
2026-04-24 14:22:48 - INFO - app.core.graph:95 - --- 流式生成内容 --- 你好
2026-04-24 14:22:48 - INFO - app.core.graph:95 - --- 流式生成内容 --- ！很高兴见到
2026-04-24 14:22:48 - INFO - app.core.graph:95 - --- 流式生成内容 --- 你～
2026-04-24 14:22:48 - INFO - app.core.graph:95 - --- 流式生成内容 --- 有什么
2026-04-24 14:22:48 - INFO - app.core.graph:95 - --- 流式生成内容 --- 问题或需要帮助
2026-04-24 14:22:48 - INFO - app.core.graph:95 - --- 流式生成内容 --- 的地方，随时告诉我哦
2026-04-24 14:22:48 - INFO - app.core.graph:95 - --- 流式生成内容 --- ！😊
2026-04-24 14:22:48 - INFO - app.core.graph:103 - --- 回答生成完成 ---
2026-04-24 14:25:19 - INFO - app.core.graph:33 - --- 正在为租户 tenant_A 检索资料 ---
2026-04-24 14:25:24 - INFO - app.core.rag_engine:58 - 为租户 tenant_A 初始化 RAG 引擎
2026-04-24 14:25:24 - ERROR - app.core.rag_engine:79 - 加载向量库失败: Error in __cdecl faiss::FileIOReader::FileIOReader(const char *) at D:\a\faiss-wheels\faiss-wheels\third-party\faiss\faiss\impl\io.cpp:70: Error: 'f' failed: could not open storage\tenant_A\index\index.faiss for reading: No such file or directory
Traceback (most recent call last):
  File "D:\HJ\PythonProject\enterprise_knowledge_base\app\core\rag_engine.py", line 73, in load_vector_store
    return FAISS.load_local(
  File "E:\python\envs_dirs\py310\lib\site-packages\langchain_community\vectorstores\faiss.py", line 1205, in load_local
    index = faiss.read_index(str(path / f"{index_name}.faiss"))
  File "E:\python\envs_dirs\py310\lib\site-packages\faiss\swigfaiss_avx2.py", line 12913, in read_index
    return _swigfaiss_avx2.read_index(*args)
RuntimeError: Error in __cdecl faiss::FileIOReader::FileIOReader(const char *) at D:\a\faiss-wheels\faiss-wheels\third-party\faiss\faiss\impl\io.cpp:70: Error: 'f' failed: could not open storage\tenant_A\index\index.faiss for reading: No such file or directory
2026-04-24 14:25:24 - INFO - app.core.graph:50 - --- 正在生成回答 ---
2026-04-24 14:25:24 - WARNING - app.core.graph:61 - 未找到参考资料 (context_docs 为空)
2026-04-24 14:25:24 - INFO - app.core.graph:85 - 使用通用模式回答（无参考资料）
2026-04-24 14:25:24 - INFO - app.core.graph:95 - --- 流式生成内容 --- 你好
2026-04-24 14:25:24 - INFO - app.core.graph:95 - --- 流式生成内容 --- 呀！很高兴
2026-04-24 14:25:24 - INFO - app.core.graph:95 - --- 流式生成内容 --- 见到你～
2026-04-24 14:25:24 - INFO - app.core.graph:95 - --- 流式生成内容 --- 😊
2026-04-24 14:25:25 - INFO - app.core.graph:95 - --- 流式生成内容 ---   
有什么问题、想法
2026-04-24 14:25:25 - INFO - app.core.graph:95 - --- 流式生成内容 --- ，或者需要帮忙
2026-04-24 14:25:25 - INFO - app.core.graph:95 - --- 流式生成内容 --- 的地方，随时告诉我
2026-04-24 14:25:25 - INFO - app.core.graph:95 - --- 流式生成内容 --- 哦！
2026-04-24 14:25:25 - INFO - app.core.graph:103 - --- 回答生成完成 ---
2026-04-24 14:27:42 - INFO - app.core.graph:33 - --- 正在为租户 tenant_A 检索资料 ---
2026-04-24 14:27:42 - INFO - app.core.rag_engine:58 - 为租户 tenant_A 初始化 RAG 引擎
2026-04-24 14:27:42 - ERROR - app.core.rag_engine:79 - 加载向量库失败: Error in __cdecl faiss::FileIOReader::FileIOReader(const char *) at D:\a\faiss-wheels\faiss-wheels\third-party\faiss\faiss\impl\io.cpp:70: Error: 'f' failed: could not open storage\tenant_A\index\index.faiss for reading: No such file or directory
Traceback (most recent call last):
  File "D:\HJ\PythonProject\enterprise_knowledge_base\app\core\rag_engine.py", line 73, in load_vector_store
    return FAISS.load_local(
  File "E:\python\envs_dirs\py310\lib\site-packages\langchain_community\vectorstores\faiss.py", line 1205, in load_local
    index = faiss.read_index(str(path / f"{index_name}.faiss"))
  File "E:\python\envs_dirs\py310\lib\site-packages\faiss\swigfaiss_avx2.py", line 12913, in read_index
    return _swigfaiss_avx2.read_index(*args)
RuntimeError: Error in __cdecl faiss::FileIOReader::FileIOReader(const char *) at D:\a\faiss-wheels\faiss-wheels\third-party\faiss\faiss\impl\io.cpp:70: Error: 'f' failed: could not open storage\tenant_A\index\index.faiss for reading: No such file or directory
2026-04-24 14:27:42 - INFO - app.core.graph:50 - --- 正在生成回答 ---
2026-04-24 14:27:42 - WARNING - app.core.graph:61 - 未找到参考资料 (context_docs 为空)
2026-04-24 14:27:42 - INFO - app.core.graph:85 - 使用通用模式回答（无参考资料）
2026-04-24 14:27:42 - INFO - app.core.graph:95 - --- 流式生成内容 --- 你好
2026-04-24 14:27:42 - INFO - app.core.graph:95 - --- 流式生成内容 --- ！很高兴见到
2026-04-24 14:27:42 - INFO - app.core.graph:95 - --- 流式生成内容 --- 你～
2026-04-24 14:27:42 - INFO - app.core.graph:95 - --- 流式生成内容 --- 有什么
2026-04-24 14:27:43 - INFO - app.core.graph:95 - --- 流式生成内容 --- 问题或需要帮助
2026-04-24 14:27:43 - INFO - app.core.graph:95 - --- 流式生成内容 --- 的地方，随时告诉我哦
2026-04-24 14:27:43 - INFO - app.core.graph:95 - --- 流式生成内容 --- ！😊
2026-04-24 14:27:43 - INFO - app.core.graph:103 - --- 回答生成完成 ---
2026-04-24 14:33:05 - INFO - app.core.graph:33 - --- 正在为租户 tenant_A 检索资料 ---
2026-04-24 14:33:09 - INFO - app.core.rag_engine:58 - 为租户 tenant_A 初始化 RAG 引擎
2026-04-24 14:33:09 - ERROR - app.core.rag_engine:79 - 加载向量库失败: Error in __cdecl faiss::FileIOReader::FileIOReader(const char *) at D:\a\faiss-wheels\faiss-wheels\third-party\faiss\faiss\impl\io.cpp:70: Error: 'f' failed: could not open storage\tenant_A\index\index.faiss for reading: No such file or directory
Traceback (most recent call last):
  File "D:\HJ\PythonProject\enterprise_knowledge_base\app\core\rag_engine.py", line 73, in load_vector_store
    return FAISS.load_local(
  File "E:\python\envs_dirs\py310\lib\site-packages\langchain_community\vectorstores\faiss.py", line 1205, in load_local
    index = faiss.read_index(str(path / f"{index_name}.faiss"))
  File "E:\python\envs_dirs\py310\lib\site-packages\faiss\swigfaiss_avx2.py", line 12913, in read_index
    return _swigfaiss_avx2.read_index(*args)
RuntimeError: Error in __cdecl faiss::FileIOReader::FileIOReader(const char *) at D:\a\faiss-wheels\faiss-wheels\third-party\faiss\faiss\impl\io.cpp:70: Error: 'f' failed: could not open storage\tenant_A\index\index.faiss for reading: No such file or directory
2026-04-24 14:33:09 - INFO - app.core.graph:50 - --- 正在生成回答 ---
2026-04-24 14:33:09 - WARNING - app.core.graph:61 - 未找到参考资料 (context_docs 为空)
2026-04-24 14:33:09 - INFO - app.core.graph:85 - 使用通用模式回答（无参考资料）
2026-04-24 14:33:10 - INFO - app.core.graph:95 - --- 流式生成内容 --- 你好
2026-04-24 14:33:10 - INFO - app.core.graph:95 - --- 流式生成内容 --- 呀！很高兴
2026-04-24 14:33:10 - INFO - app.core.graph:95 - --- 流式生成内容 --- 见到你～
2026-04-24 14:33:10 - INFO - app.core.graph:95 - --- 流式生成内容 --- 😊
2026-04-24 14:33:10 - INFO - app.core.graph:95 - --- 流式生成内容 ---   
有什么问题、想法
2026-04-24 14:33:10 - INFO - app.core.graph:95 - --- 流式生成内容 --- ，或者需要帮忙
2026-04-24 14:33:10 - INFO - app.core.graph:95 - --- 流式生成内容 --- 的地方，随时告诉我
2026-04-24 14:33:11 - INFO - app.core.graph:95 - --- 流式生成内容 --- 哦！
2026-04-24 14:33:11 - INFO - app.core.graph:103 - --- 回答生成完成 ---
2026-04-24 14:33:11 - INFO - __main__:67 - 前端响应内容：{"answer": "", "sources": [], "is_end": false}
2026-04-24 14:33:11 - INFO - __main__:67 - 前端响应内容：{"answer": "", "sources": [], "is_end": true}
2026-04-24 14:36:50 - INFO - app.core.graph:33 - --- 正在为租户 tenant_A 检索资料 ---
2026-04-24 14:36:54 - INFO - app.core.rag_engine:58 - 为租户 tenant_A 初始化 RAG 引擎
2026-04-24 14:36:54 - ERROR - app.core.rag_engine:79 - 加载向量库失败: Error in __cdecl faiss::FileIOReader::FileIOReader(const char *) at D:\a\faiss-wheels\faiss-wheels\third-party\faiss\faiss\impl\io.cpp:70: Error: 'f' failed: could not open storage\tenant_A\index\index.faiss for reading: No such file or directory
Traceback (most recent call last):
  File "D:\HJ\PythonProject\enterprise_knowledge_base\app\core\rag_engine.py", line 73, in load_vector_store
    return FAISS.load_local(
  File "E:\python\envs_dirs\py310\lib\site-packages\langchain_community\vectorstores\faiss.py", line 1205, in load_local
    index = faiss.read_index(str(path / f"{index_name}.faiss"))
  File "E:\python\envs_dirs\py310\lib\site-packages\faiss\swigfaiss_avx2.py", line 12913, in read_index
    return _swigfaiss_avx2.read_index(*args)
RuntimeError: Error in __cdecl faiss::FileIOReader::FileIOReader(const char *) at D:\a\faiss-wheels\faiss-wheels\third-party\faiss\faiss\impl\io.cpp:70: Error: 'f' failed: could not open storage\tenant_A\index\index.faiss for reading: No such file or directory
2026-04-24 14:36:54 - INFO - app.core.graph:50 - --- 正在生成回答 ---
2026-04-24 14:36:54 - WARNING - app.core.graph:61 - 未找到参考资料 (context_docs 为空)
2026-04-24 14:36:54 - INFO - app.core.graph:85 - 使用通用模式回答（无参考资料）
2026-04-24 14:36:55 - INFO - app.core.graph:95 - --- 流式生成内容 --- 你好
2026-04-24 14:36:55 - INFO - app.core.graph:95 - --- 流式生成内容 --- 呀！很高兴
2026-04-24 14:36:55 - INFO - app.core.graph:95 - --- 流式生成内容 --- 见到你～
2026-04-24 14:36:55 - INFO - app.core.graph:95 - --- 流式生成内容 --- 😊
2026-04-24 14:36:55 - INFO - app.core.graph:95 - --- 流式生成内容 ---   
有什么问题、
2026-04-24 14:36:55 - INFO - app.core.graph:95 - --- 流式生成内容 --- 想法，或者需要帮忙
2026-04-24 14:36:55 - INFO - app.core.graph:95 - --- 流式生成内容 --- 的地方，随时告诉我
2026-04-24 14:36:55 - INFO - app.core.graph:95 - --- 流式生成内容 --- 哦！
2026-04-24 14:36:55 - INFO - app.core.graph:103 - --- 回答生成完成 ---
2026-04-24 14:36:55 - INFO - app.api.routes:102 - 节点输出内容：{'answer': '你好呀！很高兴见到你～😊  \n有什么问题、想法，或者需要帮忙的地方，随时告诉我哦！', 'messages': [HumanMessage(content='你好呀', additional_kwargs={}, response_metadata={}), AIMessage(content='你好呀！很高兴见到你～😊  \n有什么问题、想法，或者需要帮忙的地方，随时告诉我哦！', additional_kwargs={}, response_metadata={})]}
2026-04-24 14:36:55 - INFO - __main__:67 - 前端响应内容：{"answer": "", "sources": [], "is_end": false}
2026-04-24 14:36:55 - INFO - __main__:67 - 前端响应内容：{"answer": "", "sources": [], "is_end": true}
2026-04-24 14:46:56 - INFO - app.core.graph:33 - --- 正在为租户 tenant_A 检索资料 ---
2026-04-24 14:47:01 - INFO - app.core.rag_engine:58 - 为租户 tenant_A 初始化 RAG 引擎
2026-04-24 14:47:01 - ERROR - app.core.rag_engine:79 - 加载向量库失败: Error in __cdecl faiss::FileIOReader::FileIOReader(const char *) at D:\a\faiss-wheels\faiss-wheels\third-party\faiss\faiss\impl\io.cpp:70: Error: 'f' failed: could not open storage\tenant_A\index\index.faiss for reading: No such file or directory
Traceback (most recent call last):
  File "D:\HJ\PythonProject\enterprise_knowledge_base\app\core\rag_engine.py", line 73, in load_vector_store
    return FAISS.load_local(
  File "E:\python\envs_dirs\py310\lib\site-packages\langchain_community\vectorstores\faiss.py", line 1205, in load_local
    index = faiss.read_index(str(path / f"{index_name}.faiss"))
  File "E:\python\envs_dirs\py310\lib\site-packages\faiss\swigfaiss_avx2.py", line 12913, in read_index
    return _swigfaiss_avx2.read_index(*args)
RuntimeError: Error in __cdecl faiss::FileIOReader::FileIOReader(const char *) at D:\a\faiss-wheels\faiss-wheels\third-party\faiss\faiss\impl\io.cpp:70: Error: 'f' failed: could not open storage\tenant_A\index\index.faiss for reading: No such file or directory
2026-04-24 14:47:01 - INFO - app.core.graph:50 - --- 正在生成回答 ---
2026-04-24 14:47:01 - WARNING - app.core.graph:61 - 未找到参考资料 (context_docs 为空)
2026-04-24 14:47:01 - INFO - app.core.graph:85 - 使用通用模式回答（无参考资料）
2026-04-24 14:47:02 - INFO - app.core.graph:102 - --- 流式生成内容 --- 你好
2026-04-24 14:47:02 - INFO - app.core.graph:102 - --- 流式生成内容 --- ！很高兴见到
2026-04-24 14:47:02 - INFO - app.core.graph:102 - --- 流式生成内容 --- 你～
2026-04-24 14:47:02 - INFO - app.core.graph:102 - --- 流式生成内容 --- 有什么
2026-04-24 14:47:02 - INFO - app.core.graph:102 - --- 流式生成内容 --- 问题或需要帮助
2026-04-24 14:47:02 - INFO - app.core.graph:102 - --- 流式生成内容 --- 的地方，随时告诉我哦
2026-04-24 14:47:02 - INFO - app.core.graph:102 - --- 流式生成内容 --- ！😊
2026-04-24 14:47:02 - INFO - app.core.graph:111 - --- 回答生成完成 ---
2026-04-24 14:47:02 - INFO - __main__:67 - 前端响应内容：{"answer": "！😊", "sources": [], "is_end": false}
2026-04-24 14:47:02 - INFO - __main__:67 - 前端响应内容：{"answer": "", "sources": [], "is_end": true}
2026-04-24 14:52:32 - INFO - app.core.graph:33 - --- 正在为租户 tenant_A 检索资料 ---
2026-04-24 14:52:36 - INFO - app.core.rag_engine:58 - 为租户 tenant_A 初始化 RAG 引擎
2026-04-24 14:52:36 - ERROR - app.core.rag_engine:79 - 加载向量库失败: Error in __cdecl faiss::FileIOReader::FileIOReader(const char *) at D:\a\faiss-wheels\faiss-wheels\third-party\faiss\faiss\impl\io.cpp:70: Error: 'f' failed: could not open storage\tenant_A\index\index.faiss for reading: No such file or directory
Traceback (most recent call last):
  File "D:\HJ\PythonProject\enterprise_knowledge_base\app\core\rag_engine.py", line 73, in load_vector_store
    return FAISS.load_local(
  File "E:\python\envs_dirs\py310\lib\site-packages\langchain_community\vectorstores\faiss.py", line 1205, in load_local
    index = faiss.read_index(str(path / f"{index_name}.faiss"))
  File "E:\python\envs_dirs\py310\lib\site-packages\faiss\swigfaiss_avx2.py", line 12913, in read_index
    return _swigfaiss_avx2.read_index(*args)
RuntimeError: Error in __cdecl faiss::FileIOReader::FileIOReader(const char *) at D:\a\faiss-wheels\faiss-wheels\third-party\faiss\faiss\impl\io.cpp:70: Error: 'f' failed: could not open storage\tenant_A\index\index.faiss for reading: No such file or directory
2026-04-24 14:52:36 - INFO - app.core.graph:50 - --- 正在生成回答 ---
2026-04-24 14:52:36 - WARNING - app.core.graph:61 - 未找到参考资料 (context_docs 为空)
2026-04-24 14:52:36 - INFO - app.core.graph:85 - 使用通用模式回答（无参考资料）
2026-04-24 14:52:37 - INFO - app.core.graph:94 - --- 流式生成内容 --- 你好
2026-04-24 14:52:37 - INFO - app.core.graph:94 - --- 流式生成内容 --- ！很高兴见到
2026-04-24 14:52:37 - INFO - app.core.graph:94 - --- 流式生成内容 --- 你～
2026-04-24 14:52:37 - INFO - app.core.graph:94 - --- 流式生成内容 --- 有什么
2026-04-24 14:52:37 - INFO - app.core.graph:94 - --- 流式生成内容 --- 问题或需要帮助
2026-04-24 14:52:37 - INFO - app.core.graph:94 - --- 流式生成内容 --- 的地方，随时告诉我哦
2026-04-24 14:52:37 - INFO - app.core.graph:94 - --- 流式生成内容 --- ！😊
2026-04-24 14:52:37 - INFO - app.core.graph:103 - --- 回答生成完成 ---
2026-04-24 14:52:37 - INFO - __main__:50 - 前端响应内容: {"answer": "！😊", "sources": [], "is_end": false}
2026-04-24 14:52:37 - INFO - __main__:50 - 前端响应内容: {"answer": "", "sources": [], "is_end": true}
2026-04-24 14:58:06 - INFO - app.core.graph:33 - --- 正在为租户 tenant_A 检索资料 ---
2026-04-24 14:58:11 - INFO - app.core.rag_engine:58 - 为租户 tenant_A 初始化 RAG 引擎
2026-04-24 14:58:11 - ERROR - app.core.rag_engine:79 - 加载向量库失败: Error in __cdecl faiss::FileIOReader::FileIOReader(const char *) at D:\a\faiss-wheels\faiss-wheels\third-party\faiss\faiss\impl\io.cpp:70: Error: 'f' failed: could not open storage\tenant_A\index\index.faiss for reading: No such file or directory
Traceback (most recent call last):
  File "D:\HJ\PythonProject\enterprise_knowledge_base\app\core\rag_engine.py", line 73, in load_vector_store
    return FAISS.load_local(
  File "E:\python\envs_dirs\py310\lib\site-packages\langchain_community\vectorstores\faiss.py", line 1205, in load_local
    index = faiss.read_index(str(path / f"{index_name}.faiss"))
  File "E:\python\envs_dirs\py310\lib\site-packages\faiss\swigfaiss_avx2.py", line 12913, in read_index
    return _swigfaiss_avx2.read_index(*args)
RuntimeError: Error in __cdecl faiss::FileIOReader::FileIOReader(const char *) at D:\a\faiss-wheels\faiss-wheels\third-party\faiss\faiss\impl\io.cpp:70: Error: 'f' failed: could not open storage\tenant_A\index\index.faiss for reading: No such file or directory
2026-04-24 14:58:11 - INFO - app.core.graph:50 - --- 正在生成回答 ---
2026-04-24 14:58:11 - WARNING - app.core.graph:61 - 未找到参考资料 (context_docs 为空)
2026-04-24 14:58:11 - INFO - app.core.graph:85 - 使用通用模式回答（无参考资料）
2026-04-24 14:58:12 - INFO - app.core.graph:94 - --- 流式生成内容 --- 你好
2026-04-24 14:58:12 - INFO - app.core.graph:94 - --- 流式生成内容 --- ！很高兴见到
2026-04-24 14:58:12 - INFO - app.core.graph:94 - --- 流式生成内容 --- 你～
2026-04-24 14:58:12 - INFO - app.core.graph:94 - --- 流式生成内容 --- 有什么
2026-04-24 14:58:12 - INFO - app.core.graph:94 - --- 流式生成内容 --- 问题或需要帮助
2026-04-24 14:58:12 - INFO - app.core.graph:94 - --- 流式生成内容 --- 的地方，随时告诉我哦
2026-04-24 14:58:12 - INFO - app.core.graph:94 - --- 流式生成内容 --- ！😊
2026-04-24 14:58:12 - INFO - app.core.graph:103 - --- 回答生成完成 ---
2026-04-24 14:58:12 - INFO - __main__:50 - 前端响应内容: {"answer": "！😊", "sources": [], "is_end": false}
2026-04-24 14:58:12 - INFO - __main__:50 - 前端响应内容: {"answer": "", "sources": [], "is_end": true}
2026-04-24 15:00:04 - INFO - app.core.graph:33 - --- 正在为租户 tenant_A 检索资料 ---
2026-04-24 15:00:08 - INFO - app.core.rag_engine:58 - 为租户 tenant_A 初始化 RAG 引擎
2026-04-24 15:00:08 - ERROR - app.core.rag_engine:79 - 加载向量库失败: Error in __cdecl faiss::FileIOReader::FileIOReader(const char *) at D:\a\faiss-wheels\faiss-wheels\third-party\faiss\faiss\impl\io.cpp:70: Error: 'f' failed: could not open storage\tenant_A\index\index.faiss for reading: No such file or directory
Traceback (most recent call last):
  File "D:\HJ\PythonProject\enterprise_knowledge_base\app\core\rag_engine.py", line 73, in load_vector_store
    return FAISS.load_local(
  File "E:\python\envs_dirs\py310\lib\site-packages\langchain_community\vectorstores\faiss.py", line 1205, in load_local
    index = faiss.read_index(str(path / f"{index_name}.faiss"))
  File "E:\python\envs_dirs\py310\lib\site-packages\faiss\swigfaiss_avx2.py", line 12913, in read_index
    return _swigfaiss_avx2.read_index(*args)
RuntimeError: Error in __cdecl faiss::FileIOReader::FileIOReader(const char *) at D:\a\faiss-wheels\faiss-wheels\third-party\faiss\faiss\impl\io.cpp:70: Error: 'f' failed: could not open storage\tenant_A\index\index.faiss for reading: No such file or directory
2026-04-24 15:00:08 - INFO - app.core.graph:50 - --- 正在生成回答 ---
2026-04-24 15:00:08 - WARNING - app.core.graph:61 - 未找到参考资料 (context_docs 为空)
2026-04-24 15:00:08 - INFO - app.core.graph:85 - 使用通用模式回答（无参考资料）
2026-04-24 15:00:09 - INFO - app.core.graph:94 - --- 流式生成内容 --- 你好
2026-04-24 15:00:09 - INFO - app.core.graph:94 - --- 流式生成内容 --- ！很高兴见到
2026-04-24 15:00:09 - INFO - app.core.graph:94 - --- 流式生成内容 --- 你～
2026-04-24 15:00:09 - INFO - app.core.graph:94 - --- 流式生成内容 --- 有什么
2026-04-24 15:00:09 - INFO - app.core.graph:94 - --- 流式生成内容 --- 问题或需要帮助
2026-04-24 15:00:09 - INFO - app.core.graph:94 - --- 流式生成内容 --- 的地方，随时告诉我哦
2026-04-24 15:00:09 - INFO - app.core.graph:94 - --- 流式生成内容 --- ！😊
2026-04-24 15:00:09 - INFO - app.core.graph:103 - --- 回答生成完成 ---
2026-04-24 15:00:09 - INFO - __main__:50 - 前端响应内容: {"answer": "！😊", "sources": [], "is_end": false}
2026-04-24 15:00:09 - INFO - __main__:50 - 前端响应内容: {"answer": "", "sources": [], "is_end": true}
2026-04-24 15:25:19 - INFO - app.core.graph:33 - --- 正在为租户 tenant_A 检索资料 ---
2026-04-24 15:25:26 - INFO - app.core.rag_engine:58 - 为租户 tenant_A 初始化 RAG 引擎
2026-04-24 15:25:27 - ERROR - app.core.rag_engine:79 - 加载向量库失败: Error in __cdecl faiss::FileIOReader::FileIOReader(const char *) at D:\a\faiss-wheels\faiss-wheels\third-party\faiss\faiss\impl\io.cpp:70: Error: 'f' failed: could not open storage\tenant_A\index\index.faiss for reading: No such file or directory
Traceback (most recent call last):
  File "D:\HJ\PythonProject\enterprise_knowledge_base\app\core\rag_engine.py", line 73, in load_vector_store
    return FAISS.load_local(
  File "E:\python\envs_dirs\py310\lib\site-packages\langchain_community\vectorstores\faiss.py", line 1205, in load_local
    index = faiss.read_index(str(path / f"{index_name}.faiss"))
  File "E:\python\envs_dirs\py310\lib\site-packages\faiss\swigfaiss_avx2.py", line 12913, in read_index
    return _swigfaiss_avx2.read_index(*args)
RuntimeError: Error in __cdecl faiss::FileIOReader::FileIOReader(const char *) at D:\a\faiss-wheels\faiss-wheels\third-party\faiss\faiss\impl\io.cpp:70: Error: 'f' failed: could not open storage\tenant_A\index\index.faiss for reading: No such file or directory
2026-04-24 15:25:27 - INFO - app.core.graph:50 - --- 正在生成回答 ---
2026-04-24 15:25:27 - WARNING - app.core.graph:61 - 未找到参考资料 (context_docs 为空)
2026-04-24 15:25:27 - INFO - app.core.graph:85 - 使用通用模式回答（无参考资料）
2026-04-24 15:25:27 - INFO - app.core.graph:94 - --- 流式生成内容 --- 你好
2026-04-24 15:25:27 - INFO - app.core.graph:94 - --- 流式生成内容 --- ！很高兴见到
2026-04-24 15:25:27 - INFO - app.core.graph:94 - --- 流式生成内容 --- 你～
2026-04-24 15:25:27 - INFO - app.core.graph:94 - --- 流式生成内容 --- 有什么
2026-04-24 15:25:27 - INFO - app.core.graph:94 - --- 流式生成内容 --- 问题或需要帮助
2026-04-24 15:25:27 - INFO - app.core.graph:94 - --- 流式生成内容 --- 的地方，随时告诉我哦
2026-04-24 15:25:27 - INFO - app.core.graph:94 - --- 流式生成内容 --- ！😊
2026-04-24 15:25:27 - INFO - app.core.graph:103 - --- 回答生成完成 ---
2026-04-24 15:25:27 - INFO - __main__:50 - 前端响应内容: {"answer": "", "sources": [], "is_end": true}
2026-04-24 15:26:41 - INFO - app.core.graph:33 - --- 正在为租户 tenant_A 检索资料 ---
2026-04-24 15:26:41 - INFO - app.core.rag_engine:58 - 为租户 tenant_A 初始化 RAG 引擎
2026-04-24 15:26:41 - ERROR - app.core.rag_engine:79 - 加载向量库失败: Error in __cdecl faiss::FileIOReader::FileIOReader(const char *) at D:\a\faiss-wheels\faiss-wheels\third-party\faiss\faiss\impl\io.cpp:70: Error: 'f' failed: could not open storage\tenant_A\index\index.faiss for reading: No such file or directory
Traceback (most recent call last):
  File "D:\HJ\PythonProject\enterprise_knowledge_base\app\core\rag_engine.py", line 73, in load_vector_store
    return FAISS.load_local(
  File "E:\python\envs_dirs\py310\lib\site-packages\langchain_community\vectorstores\faiss.py", line 1205, in load_local
    index = faiss.read_index(str(path / f"{index_name}.faiss"))
  File "E:\python\envs_dirs\py310\lib\site-packages\faiss\swigfaiss_avx2.py", line 12913, in read_index
    return _swigfaiss_avx2.read_index(*args)
RuntimeError: Error in __cdecl faiss::FileIOReader::FileIOReader(const char *) at D:\a\faiss-wheels\faiss-wheels\third-party\faiss\faiss\impl\io.cpp:70: Error: 'f' failed: could not open storage\tenant_A\index\index.faiss for reading: No such file or directory
2026-04-24 15:26:41 - INFO - app.core.graph:50 - --- 正在生成回答 ---
2026-04-24 15:26:41 - WARNING - app.core.graph:61 - 未找到参考资料 (context_docs 为空)
2026-04-24 15:26:41 - INFO - app.core.graph:85 - 使用通用模式回答（无参考资料）
2026-04-24 15:26:42 - INFO - app.core.graph:94 - --- 流式生成内容 --- 你好
2026-04-24 15:26:42 - INFO - app.core.graph:94 - --- 流式生成内容 --- ！很高兴见到
2026-04-24 15:26:42 - INFO - app.core.graph:94 - --- 流式生成内容 --- 你～
2026-04-24 15:26:42 - INFO - app.core.graph:94 - --- 流式生成内容 --- 有什么
2026-04-24 15:26:42 - INFO - app.core.graph:94 - --- 流式生成内容 --- 问题或需要帮助
2026-04-24 15:26:42 - INFO - app.core.graph:94 - --- 流式生成内容 --- 的地方，随时告诉我哦
2026-04-24 15:26:42 - INFO - app.core.graph:94 - --- 流式生成内容 --- ！😊
2026-04-24 15:26:42 - INFO - app.core.graph:103 - --- 回答生成完成 ---
2026-04-24 15:26:42 - INFO - __main__:50 - 前端响应内容: {"answer": "", "sources": [], "is_end": true}
2026-04-24 15:35:56 - INFO - app.core.graph:33 - --- 正在为租户 tenant_A 检索资料 ---
2026-04-24 15:36:02 - INFO - app.core.rag_engine:58 - 为租户 tenant_A 初始化 RAG 引擎
2026-04-24 15:36:02 - ERROR - app.core.rag_engine:79 - 加载向量库失败: Error in __cdecl faiss::FileIOReader::FileIOReader(const char *) at D:\a\faiss-wheels\faiss-wheels\third-party\faiss\faiss\impl\io.cpp:70: Error: 'f' failed: could not open storage\tenant_A\index\index.faiss for reading: No such file or directory
Traceback (most recent call last):
  File "D:\HJ\PythonProject\enterprise_knowledge_base\app\core\rag_engine.py", line 73, in load_vector_store
    return FAISS.load_local(
  File "E:\python\envs_dirs\py310\lib\site-packages\langchain_community\vectorstores\faiss.py", line 1205, in load_local
    index = faiss.read_index(str(path / f"{index_name}.faiss"))
  File "E:\python\envs_dirs\py310\lib\site-packages\faiss\swigfaiss_avx2.py", line 12913, in read_index
    return _swigfaiss_avx2.read_index(*args)
RuntimeError: Error in __cdecl faiss::FileIOReader::FileIOReader(const char *) at D:\a\faiss-wheels\faiss-wheels\third-party\faiss\faiss\impl\io.cpp:70: Error: 'f' failed: could not open storage\tenant_A\index\index.faiss for reading: No such file or directory
2026-04-24 15:36:02 - INFO - app.api.routes:99 - 收到 Graph 事件: {'retrieval': {'tenant_id': 'tenant_A', 'question': '你好', 'messages': [], 'context_docs': []}}
2026-04-24 15:36:02 - INFO - app.core.graph:50 - --- 正在生成回答 ---
2026-04-24 15:36:02 - WARNING - app.core.graph:61 - 未找到参考资料 (context_docs 为空)
2026-04-24 15:36:02 - INFO - app.core.graph:85 - 使用通用模式回答（无参考资料）
2026-04-24 15:36:02 - INFO - app.core.graph:94 - --- 流式生成内容 --- 你好
2026-04-24 15:36:03 - INFO - app.core.graph:94 - --- 流式生成内容 --- ！很高兴见到
2026-04-24 15:36:03 - INFO - app.core.graph:94 - --- 流式生成内容 --- 你～
2026-04-24 15:36:03 - INFO - app.core.graph:94 - --- 流式生成内容 --- 有什么
2026-04-24 15:36:03 - INFO - app.core.graph:94 - --- 流式生成内容 --- 问题或需要帮助
2026-04-24 15:36:03 - INFO - app.core.graph:94 - --- 流式生成内容 --- 的地方，随时告诉我哦
2026-04-24 15:36:03 - INFO - app.core.graph:94 - --- 流式生成内容 --- ！😊
2026-04-24 15:36:03 - INFO - app.core.graph:103 - --- 回答生成完成 ---
2026-04-24 15:36:03 - INFO - app.api.routes:99 - 收到 Graph 事件: {'generation': {'messages': [AIMessage(content='！😊', additional_kwargs={}, response_metadata={})], 'answer': '！😊'}}
2026-04-24 15:36:03 - INFO - app.api.routes:109 - generation节点生成内容: ！😊
2026-04-24 15:36:03 - INFO - __main__:50 - 前端响应内容: {"answer": "！😊", "sources": [], "is_end": false}
2026-04-24 15:36:03 - INFO - __main__:50 - 前端响应内容: {"answer": "", "sources": [], "is_end": true}
2026-04-24 15:41:57 - INFO - app.core.graph:33 - --- 正在为租户 tenant_A 检索资料 ---
2026-04-24 15:42:02 - INFO - app.core.rag_engine:58 - 为租户 tenant_A 初始化 RAG 引擎
2026-04-24 15:42:02 - ERROR - app.core.rag_engine:79 - 加载向量库失败: Error in __cdecl faiss::FileIOReader::FileIOReader(const char *) at D:\a\faiss-wheels\faiss-wheels\third-party\faiss\faiss\impl\io.cpp:70: Error: 'f' failed: could not open storage\tenant_A\index\index.faiss for reading: No such file or directory
Traceback (most recent call last):
  File "D:\HJ\PythonProject\enterprise_knowledge_base\app\core\rag_engine.py", line 73, in load_vector_store
    return FAISS.load_local(
  File "E:\python\envs_dirs\py310\lib\site-packages\langchain_community\vectorstores\faiss.py", line 1205, in load_local
    index = faiss.read_index(str(path / f"{index_name}.faiss"))
  File "E:\python\envs_dirs\py310\lib\site-packages\faiss\swigfaiss_avx2.py", line 12913, in read_index
    return _swigfaiss_avx2.read_index(*args)
RuntimeError: Error in __cdecl faiss::FileIOReader::FileIOReader(const char *) at D:\a\faiss-wheels\faiss-wheels\third-party\faiss\faiss\impl\io.cpp:70: Error: 'f' failed: could not open storage\tenant_A\index\index.faiss for reading: No such file or directory
2026-04-24 15:42:02 - INFO - app.core.graph:50 - --- 正在生成回答 ---
2026-04-24 15:42:02 - WARNING - app.core.graph:61 - 未找到参考资料 (context_docs 为空)
2026-04-24 15:42:02 - INFO - app.core.graph:85 - 使用通用模式回答（无参考资料）
2026-04-24 15:42:02 - INFO - app.core.graph:94 - --- 流式生成内容 --- 你好
2026-04-24 15:42:02 - INFO - app.core.graph:94 - --- 流式生成内容 --- ！很高兴见到
2026-04-24 15:42:02 - INFO - app.core.graph:94 - --- 流式生成内容 --- 你～
2026-04-24 15:42:02 - INFO - app.core.graph:94 - --- 流式生成内容 --- 有什么
2026-04-24 15:42:03 - INFO - app.core.graph:94 - --- 流式生成内容 --- 问题或需要帮助
2026-04-24 15:42:03 - INFO - app.core.graph:94 - --- 流式生成内容 --- 的地方，随时告诉我哦
2026-04-24 15:42:03 - INFO - app.core.graph:94 - --- 流式生成内容 --- ！😊
2026-04-24 15:42:03 - INFO - app.core.graph:103 - --- 回答生成完成 ---
2026-04-24 15:42:03 - INFO - app.api.routes:97 - 流式事件接收内容1：content='！😊' additional_kwargs={} response_metadata={} id='7a7b88db-caea-4175-84ae-ba7a0db8f0c7'
2026-04-24 15:42:03 - INFO - __main__:50 - 前端响应内容: {"answer": "", "sources": [], "is_end": true}
2026-04-24 15:45:19 - INFO - app.core.graph:33 - --- 正在为租户 tenant_A 检索资料 ---
2026-04-24 15:45:24 - INFO - app.core.rag_engine:58 - 为租户 tenant_A 初始化 RAG 引擎
2026-04-24 15:45:24 - ERROR - app.core.rag_engine:79 - 加载向量库失败: Error in __cdecl faiss::FileIOReader::FileIOReader(const char *) at D:\a\faiss-wheels\faiss-wheels\third-party\faiss\faiss\impl\io.cpp:70: Error: 'f' failed: could not open storage\tenant_A\index\index.faiss for reading: No such file or directory
Traceback (most recent call last):
  File "D:\HJ\PythonProject\enterprise_knowledge_base\app\core\rag_engine.py", line 73, in load_vector_store
    return FAISS.load_local(
  File "E:\python\envs_dirs\py310\lib\site-packages\langchain_community\vectorstores\faiss.py", line 1205, in load_local
    index = faiss.read_index(str(path / f"{index_name}.faiss"))
  File "E:\python\envs_dirs\py310\lib\site-packages\faiss\swigfaiss_avx2.py", line 12913, in read_index
    return _swigfaiss_avx2.read_index(*args)
RuntimeError: Error in __cdecl faiss::FileIOReader::FileIOReader(const char *) at D:\a\faiss-wheels\faiss-wheels\third-party\faiss\faiss\impl\io.cpp:70: Error: 'f' failed: could not open storage\tenant_A\index\index.faiss for reading: No such file or directory
2026-04-24 15:45:24 - INFO - app.api.routes:98 - generation事件返回内容：{'retrieval': {'tenant_id': 'tenant_A', 'question': '你好', 'messages': [], 'context_docs': []}}
2026-04-24 15:45:24 - INFO - app.core.graph:50 - --- 正在生成回答 ---
2026-04-24 15:45:24 - WARNING - app.core.graph:61 - 未找到参考资料 (context_docs 为空)
2026-04-24 15:45:24 - INFO - app.core.graph:85 - 使用通用模式回答（无参考资料）
2026-04-24 15:45:24 - INFO - app.core.graph:94 - --- 流式生成内容 --- 你好
2026-04-24 15:45:25 - INFO - app.core.graph:94 - --- 流式生成内容 --- ！很高兴见到
2026-04-24 15:45:25 - INFO - app.core.graph:94 - --- 流式生成内容 --- 你～
2026-04-24 15:45:25 - INFO - app.core.graph:94 - --- 流式生成内容 --- 有什么
2026-04-24 15:45:25 - INFO - app.core.graph:94 - --- 流式生成内容 --- 问题或需要帮助
2026-04-24 15:45:25 - INFO - app.core.graph:94 - --- 流式生成内容 --- 的地方，随时告诉我哦
2026-04-24 15:45:25 - INFO - app.core.graph:94 - --- 流式生成内容 --- ！😊
2026-04-24 15:45:25 - INFO - app.core.graph:103 - --- 回答生成完成 ---
2026-04-24 15:45:25 - INFO - app.api.routes:98 - generation事件返回内容：{'generation': {'messages': [AIMessage(content='！😊', additional_kwargs={}, response_metadata={})], 'answer': '！😊'}}
2026-04-24 15:45:25 - INFO - __main__:50 - 前端响应内容: {"answer": "！😊", "sources": [], "is_end": false}
2026-04-24 15:45:25 - INFO - __main__:50 - 前端响应内容: {"answer": "", "sources": [], "is_end": true}
2026-04-25 09:52:05 - INFO - app.core.graph:33 - --- 正在为租户 tenant_A 检索资料 ---
2026-04-25 09:52:18 - INFO - app.core.rag_engine:58 - 为租户 tenant_A 初始化 RAG 引擎
2026-04-25 09:52:19 - ERROR - app.core.rag_engine:79 - 加载向量库失败: Error in __cdecl faiss::FileIOReader::FileIOReader(const char *) at D:\a\faiss-wheels\faiss-wheels\third-party\faiss\faiss\impl\io.cpp:70: Error: 'f' failed: could not open storage\tenant_A\index\index.faiss for reading: No such file or directory
Traceback (most recent call last):
  File "D:\HJ\PythonProject\enterprise_knowledge_base\app\core\rag_engine.py", line 73, in load_vector_store
    return FAISS.load_local(
  File "E:\python\envs_dirs\py310\lib\site-packages\langchain_community\vectorstores\faiss.py", line 1205, in load_local
    index = faiss.read_index(str(path / f"{index_name}.faiss"))
  File "E:\python\envs_dirs\py310\lib\site-packages\faiss\swigfaiss_avx2.py", line 12913, in read_index
    return _swigfaiss_avx2.read_index(*args)
RuntimeError: Error in __cdecl faiss::FileIOReader::FileIOReader(const char *) at D:\a\faiss-wheels\faiss-wheels\third-party\faiss\faiss\impl\io.cpp:70: Error: 'f' failed: could not open storage\tenant_A\index\index.faiss for reading: No such file or directory
2026-04-25 09:52:19 - INFO - app.api.routes:98 - generation事件返回内容：{'retrieval': {'tenant_id': 'tenant_A', 'question': '你好', 'messages': [], 'context_docs': []}}
2026-04-25 09:52:19 - INFO - app.core.graph:50 - --- 正在生成回答 ---
2026-04-25 09:52:19 - WARNING - app.core.graph:61 - 未找到参考资料 (context_docs 为空)
2026-04-25 09:52:19 - INFO - app.core.graph:85 - 使用通用模式回答（无参考资料）
2026-04-25 09:52:19 - INFO - app.core.graph:94 - --- 流式生成内容 --- 你好
2026-04-25 09:52:19 - INFO - app.core.graph:94 - --- 流式生成内容 --- ！很高兴见到
2026-04-25 09:52:19 - INFO - app.core.graph:94 - --- 流式生成内容 --- 你～
2026-04-25 09:52:19 - INFO - app.core.graph:94 - --- 流式生成内容 --- 有什么
2026-04-25 09:52:19 - INFO - app.core.graph:94 - --- 流式生成内容 --- 问题或需要帮助
2026-04-25 09:52:20 - INFO - app.core.graph:94 - --- 流式生成内容 --- 的地方，随时告诉我哦
2026-04-25 09:52:20 - INFO - app.core.graph:94 - --- 流式生成内容 --- ！😊
2026-04-25 09:52:20 - INFO - app.core.graph:103 - --- 回答生成完成 ---
2026-04-25 09:52:20 - INFO - app.api.routes:98 - generation事件返回内容：{'generation': {'messages': [AIMessage(content='！😊', additional_kwargs={}, response_metadata={})], 'answer': '！😊'}}
2026-04-25 09:52:20 - INFO - __main__:50 - 前端响应内容: {"answer": "！😊", "sources": [], "is_end": false}
2026-04-25 09:52:20 - INFO - __main__:50 - 前端响应内容: {"answer": "", "sources": [], "is_end": true}
2026-04-25 10:14:04 - INFO - app.core.graph:33 - --- 正在为租户 tenant_A 检索资料 ---
2026-04-25 10:14:09 - INFO - app.core.rag_engine:58 - 为租户 tenant_A 初始化 RAG 引擎
2026-04-25 10:14:09 - ERROR - app.core.rag_engine:79 - 加载向量库失败: Error in __cdecl faiss::FileIOReader::FileIOReader(const char *) at D:\a\faiss-wheels\faiss-wheels\third-party\faiss\faiss\impl\io.cpp:70: Error: 'f' failed: could not open storage\tenant_A\index\index.faiss for reading: No such file or directory
Traceback (most recent call last):
  File "D:\HJ\PythonProject\enterprise_knowledge_base\app\core\rag_engine.py", line 73, in load_vector_store
    return FAISS.load_local(
  File "E:\python\envs_dirs\py310\lib\site-packages\langchain_community\vectorstores\faiss.py", line 1205, in load_local
    index = faiss.read_index(str(path / f"{index_name}.faiss"))
  File "E:\python\envs_dirs\py310\lib\site-packages\faiss\swigfaiss_avx2.py", line 12913, in read_index
    return _swigfaiss_avx2.read_index(*args)
RuntimeError: Error in __cdecl faiss::FileIOReader::FileIOReader(const char *) at D:\a\faiss-wheels\faiss-wheels\third-party\faiss\faiss\impl\io.cpp:70: Error: 'f' failed: could not open storage\tenant_A\index\index.faiss for reading: No such file or directory
2026-04-25 10:14:09 - INFO - app.core.graph:50 - --- 正在生成回答 ---
2026-04-25 10:14:09 - WARNING - app.core.graph:61 - 未找到参考资料 (context_docs 为空)
2026-04-25 10:14:09 - INFO - app.core.graph:85 - 使用通用模式回答（无参考资料）
2026-04-25 10:14:09 - ERROR - app.core.graph:115 - LLM 调用失败: Called get_config outside of a runnable context
2026-04-25 10:14:09 - INFO - __main__:50 - 前端响应内容: {"answer": "", "sources": [], "is_end": true}
2026-04-25 10:19:36 - INFO - app.core.graph:33 - --- 正在为租户 tenant_A 检索资料 ---
2026-04-25 10:19:41 - INFO - app.core.rag_engine:58 - 为租户 tenant_A 初始化 RAG 引擎
2026-04-25 10:19:41 - ERROR - app.core.rag_engine:79 - 加载向量库失败: Error in __cdecl faiss::FileIOReader::FileIOReader(const char *) at D:\a\faiss-wheels\faiss-wheels\third-party\faiss\faiss\impl\io.cpp:70: Error: 'f' failed: could not open storage\tenant_A\index\index.faiss for reading: No such file or directory
Traceback (most recent call last):
  File "D:\HJ\PythonProject\enterprise_knowledge_base\app\core\rag_engine.py", line 73, in load_vector_store
    return FAISS.load_local(
  File "E:\python\envs_dirs\py310\lib\site-packages\langchain_community\vectorstores\faiss.py", line 1205, in load_local
    index = faiss.read_index(str(path / f"{index_name}.faiss"))
  File "E:\python\envs_dirs\py310\lib\site-packages\faiss\swigfaiss_avx2.py", line 12913, in read_index
    return _swigfaiss_avx2.read_index(*args)
RuntimeError: Error in __cdecl faiss::FileIOReader::FileIOReader(const char *) at D:\a\faiss-wheels\faiss-wheels\third-party\faiss\faiss\impl\io.cpp:70: Error: 'f' failed: could not open storage\tenant_A\index\index.faiss for reading: No such file or directory
2026-04-25 10:19:41 - INFO - app.core.graph:50 - --- 正在生成回答 ---
2026-04-25 10:19:41 - WARNING - app.core.graph:61 - 未找到参考资料 (context_docs 为空)
2026-04-25 10:19:41 - INFO - app.core.graph:85 - 使用通用模式回答（无参考资料）
2026-04-25 10:19:41 - ERROR - app.core.graph:115 - LLM 调用失败: Called get_config outside of a runnable context
2026-04-25 10:19:41 - INFO - __main__:50 - 前端响应内容: {"answer": "", "sources": [], "is_end": true}
2026-04-25 10:33:19 - INFO - app.core.graph:33 - --- 正在为租户 tenant_A 检索资料 ---
2026-04-25 10:33:24 - INFO - app.core.rag_engine:58 - 为租户 tenant_A 初始化 RAG 引擎
2026-04-25 10:33:24 - ERROR - app.core.rag_engine:79 - 加载向量库失败: Error in __cdecl faiss::FileIOReader::FileIOReader(const char *) at D:\a\faiss-wheels\faiss-wheels\third-party\faiss\faiss\impl\io.cpp:70: Error: 'f' failed: could not open storage\tenant_A\index\index.faiss for reading: No such file or directory
Traceback (most recent call last):
  File "D:\HJ\PythonProject\enterprise_knowledge_base\app\core\rag_engine.py", line 73, in load_vector_store
    return FAISS.load_local(
  File "E:\python\envs_dirs\py310\lib\site-packages\langchain_community\vectorstores\faiss.py", line 1205, in load_local
    index = faiss.read_index(str(path / f"{index_name}.faiss"))
  File "E:\python\envs_dirs\py310\lib\site-packages\faiss\swigfaiss_avx2.py", line 12913, in read_index
    return _swigfaiss_avx2.read_index(*args)
RuntimeError: Error in __cdecl faiss::FileIOReader::FileIOReader(const char *) at D:\a\faiss-wheels\faiss-wheels\third-party\faiss\faiss\impl\io.cpp:70: Error: 'f' failed: could not open storage\tenant_A\index\index.faiss for reading: No such file or directory
2026-04-25 10:33:24 - INFO - app.core.graph:50 - --- 正在生成回答 ---
2026-04-25 10:33:24 - WARNING - app.core.graph:61 - 未找到参考资料 (context_docs 为空)
2026-04-25 10:33:24 - INFO - app.core.graph:85 - 使用通用模式回答（无参考资料）
2026-04-25 10:33:25 - INFO - app.core.graph:93 - --- 流式生成内容 --- 你好
2026-04-25 10:33:25 - INFO - app.core.graph:93 - --- 流式生成内容 --- ！很高兴见到
2026-04-25 10:33:25 - INFO - app.core.graph:93 - --- 流式生成内容 --- 你～
2026-04-25 10:33:25 - INFO - app.core.graph:93 - --- 流式生成内容 ---  
2026-04-25 10:33:25 - INFO - app.core.graph:93 - --- 流式生成内容 --- 有什么问题或需要帮助
2026-04-25 10:33:25 - INFO - app.core.graph:93 - --- 流式生成内容 --- 的地方，随时告诉我，
2026-04-25 10:33:25 - INFO - app.core.graph:93 - --- 流式生成内容 --- 我会尽力为你解答或
2026-04-25 10:33:25 - INFO - app.core.graph:93 - --- 流式生成内容 --- 提供支持！😊
2026-04-25 10:33:25 - INFO - __main__:50 - 前端响应内容: {"answer": "", "sources": [], "is_end": true}
2026-04-25 10:35:04 - INFO - app.api.routes:109 - on_chain_start
2026-04-25 10:35:04 - INFO - app.api.routes:109 - on_chain_start
2026-04-25 10:35:04 - INFO - app.api.routes:109 - on_chain_start
2026-04-25 10:35:04 - INFO - app.api.routes:109 - on_chain_end
2026-04-25 10:35:04 - INFO - app.api.routes:109 - on_chain_start
2026-04-25 10:35:04 - INFO - app.api.routes:109 - on_chain_end
2026-04-25 10:35:04 - INFO - app.api.routes:109 - on_chain_stream
2026-04-25 10:35:04 - INFO - app.api.routes:109 - on_chain_end
2026-04-25 10:35:04 - INFO - app.api.routes:109 - on_chain_start
2026-04-25 10:35:04 - INFO - app.core.graph:33 - --- 正在为租户 tenant_A 检索资料 ---
2026-04-25 10:35:09 - INFO - app.core.rag_engine:58 - 为租户 tenant_A 初始化 RAG 引擎
2026-04-25 10:35:09 - ERROR - app.core.rag_engine:79 - 加载向量库失败: Error in __cdecl faiss::FileIOReader::FileIOReader(const char *) at D:\a\faiss-wheels\faiss-wheels\third-party\faiss\faiss\impl\io.cpp:70: Error: 'f' failed: could not open storage\tenant_A\index\index.faiss for reading: No such file or directory
Traceback (most recent call last):
  File "D:\HJ\PythonProject\enterprise_knowledge_base\app\core\rag_engine.py", line 73, in load_vector_store
    return FAISS.load_local(
  File "E:\python\envs_dirs\py310\lib\site-packages\langchain_community\vectorstores\faiss.py", line 1205, in load_local
    index = faiss.read_index(str(path / f"{index_name}.faiss"))
  File "E:\python\envs_dirs\py310\lib\site-packages\faiss\swigfaiss_avx2.py", line 12913, in read_index
    return _swigfaiss_avx2.read_index(*args)
RuntimeError: Error in __cdecl faiss::FileIOReader::FileIOReader(const char *) at D:\a\faiss-wheels\faiss-wheels\third-party\faiss\faiss\impl\io.cpp:70: Error: 'f' failed: could not open storage\tenant_A\index\index.faiss for reading: No such file or directory
2026-04-25 10:35:09 - INFO - app.api.routes:109 - on_chain_start
2026-04-25 10:35:09 - INFO - app.api.routes:109 - on_chain_end
2026-04-25 10:35:09 - INFO - app.api.routes:109 - on_chain_stream
2026-04-25 10:35:09 - INFO - app.api.routes:109 - on_chain_end
2026-04-25 10:35:09 - INFO - app.api.routes:109 - on_chain_stream
2026-04-25 10:35:09 - INFO - app.api.routes:109 - on_chain_start
2026-04-25 10:35:09 - INFO - app.core.graph:50 - --- 正在生成回答 ---
2026-04-25 10:35:09 - WARNING - app.core.graph:61 - 未找到参考资料 (context_docs 为空)
2026-04-25 10:35:09 - INFO - app.core.graph:85 - 使用通用模式回答（无参考资料）
2026-04-25 10:35:09 - INFO - app.core.graph:93 - --- 流式生成内容 --- 你好
2026-04-25 10:35:09 - INFO - app.core.graph:93 - --- 流式生成内容 --- ！很高兴见到
2026-04-25 10:35:09 - INFO - app.core.graph:93 - --- 流式生成内容 --- 你～
2026-04-25 10:35:09 - INFO - app.core.graph:93 - --- 流式生成内容 --- 有什么
2026-04-25 10:35:09 - INFO - app.core.graph:93 - --- 流式生成内容 --- 问题或需要帮助
2026-04-25 10:35:10 - INFO - app.core.graph:93 - --- 流式生成内容 --- 的地方，随时告诉我哦
2026-04-25 10:35:10 - INFO - app.core.graph:93 - --- 流式生成内容 --- ！😊
2026-04-25 10:35:10 - INFO - app.api.routes:109 - on_chain_start
2026-04-25 10:35:10 - INFO - app.api.routes:109 - on_chain_end
2026-04-25 10:35:10 - INFO - app.api.routes:109 - on_chain_stream
2026-04-25 10:35:10 - INFO - app.api.routes:109 - on_chain_end
2026-04-25 10:35:10 - INFO - app.api.routes:109 - on_chain_stream
2026-04-25 10:35:10 - INFO - app.api.routes:109 - on_chain_end
2026-04-25 10:35:10 - INFO - __main__:50 - 前端响应内容: {"answer": "", "sources": [], "is_end": true}
2026-04-25 10:35:46 - INFO - app.api.routes:109 - on_chain_start
2026-04-25 10:35:46 - INFO - app.api.routes:109 - on_chain_start
2026-04-25 10:35:46 - INFO - app.api.routes:109 - on_chain_start
2026-04-25 10:35:46 - INFO - app.api.routes:109 - on_chain_end
2026-04-25 10:35:46 - INFO - app.api.routes:109 - on_chain_start
2026-04-25 10:35:46 - INFO - app.api.routes:109 - on_chain_end
2026-04-25 10:35:46 - INFO - app.api.routes:109 - on_chain_stream
2026-04-25 10:35:46 - INFO - app.api.routes:113 - generation事件返回内容：{'tenant_id': 'tenant_A', 'question': '你好', 'messages': [], 'context_docs': []}
2026-04-25 10:35:51 - INFO - app.api.routes:109 - on_chain_start
2026-04-25 10:35:51 - INFO - app.api.routes:109 - on_chain_start
2026-04-25 10:35:51 - INFO - app.api.routes:109 - on_chain_start
2026-04-25 10:35:51 - INFO - app.api.routes:109 - on_chain_end
2026-04-25 10:35:51 - INFO - app.api.routes:109 - on_chain_start
2026-04-25 10:35:51 - INFO - app.api.routes:109 - on_chain_end
2026-04-25 10:35:51 - INFO - app.api.routes:109 - on_chain_stream
2026-04-25 10:35:51 - INFO - app.api.routes:113 - generation事件返回内容：{'tenant_id': 'tenant_A', 'question': '你好', 'messages': [], 'context_docs': []}
2026-04-25 10:40:55 - INFO - app.api.routes:110 - 事件类型: on_chain_start
2026-04-25 10:40:55 - INFO - app.api.routes:110 - 事件类型: on_chain_start
2026-04-25 10:40:55 - INFO - app.api.routes:110 - 事件类型: on_chain_start
2026-04-25 10:40:55 - INFO - app.api.routes:110 - 事件类型: on_chain_end
2026-04-25 10:40:55 - INFO - app.api.routes:110 - 事件类型: on_chain_start
2026-04-25 10:40:55 - INFO - app.api.routes:110 - 事件类型: on_chain_end
2026-04-25 10:40:55 - INFO - app.api.routes:110 - 事件类型: on_chain_stream
2026-04-25 10:40:55 - INFO - app.api.routes:110 - 事件类型: on_chain_end
2026-04-25 10:40:55 - INFO - app.api.routes:110 - 事件类型: on_chain_start
2026-04-25 10:40:55 - INFO - app.core.graph:33 - --- 正在为租户 tenant_A 检索资料 ---
2026-04-25 10:41:00 - INFO - app.core.rag_engine:58 - 为租户 tenant_A 初始化 RAG 引擎
2026-04-25 10:41:00 - ERROR - app.core.rag_engine:79 - 加载向量库失败: Error in __cdecl faiss::FileIOReader::FileIOReader(const char *) at D:\a\faiss-wheels\faiss-wheels\third-party\faiss\faiss\impl\io.cpp:70: Error: 'f' failed: could not open storage\tenant_A\index\index.faiss for reading: No such file or directory
Traceback (most recent call last):
  File "D:\HJ\PythonProject\enterprise_knowledge_base\app\core\rag_engine.py", line 73, in load_vector_store
    return FAISS.load_local(
  File "E:\python\envs_dirs\py310\lib\site-packages\langchain_community\vectorstores\faiss.py", line 1205, in load_local
    index = faiss.read_index(str(path / f"{index_name}.faiss"))
  File "E:\python\envs_dirs\py310\lib\site-packages\faiss\swigfaiss_avx2.py", line 12913, in read_index
    return _swigfaiss_avx2.read_index(*args)
RuntimeError: Error in __cdecl faiss::FileIOReader::FileIOReader(const char *) at D:\a\faiss-wheels\faiss-wheels\third-party\faiss\faiss\impl\io.cpp:70: Error: 'f' failed: could not open storage\tenant_A\index\index.faiss for reading: No such file or directory
2026-04-25 10:41:00 - INFO - app.api.routes:110 - 事件类型: on_chain_start
2026-04-25 10:41:00 - INFO - app.api.routes:110 - 事件类型: on_chain_end
2026-04-25 10:41:00 - INFO - app.api.routes:110 - 事件类型: on_chain_stream
2026-04-25 10:41:00 - INFO - app.api.routes:110 - 事件类型: on_chain_end
2026-04-25 10:41:00 - INFO - app.api.routes:110 - 事件类型: on_chain_stream
2026-04-25 10:41:00 - INFO - app.api.routes:110 - 事件类型: on_chain_start
2026-04-25 10:41:00 - INFO - app.core.graph:50 - --- 正在生成回答 ---
2026-04-25 10:41:00 - WARNING - app.core.graph:61 - 未找到参考资料 (context_docs 为空)
2026-04-25 10:41:00 - INFO - app.core.graph:85 - 使用通用模式回答（无参考资料）
2026-04-25 10:41:00 - INFO - app.core.graph:93 - --- 流式生成内容 --- 你好
2026-04-25 10:41:01 - INFO - app.core.graph:93 - --- 流式生成内容 --- ！很高兴见到
2026-04-25 10:41:01 - INFO - app.core.graph:93 - --- 流式生成内容 --- 你～
2026-04-25 10:41:01 - INFO - app.core.graph:93 - --- 流式生成内容 --- 有什么
2026-04-25 10:41:01 - INFO - app.core.graph:93 - --- 流式生成内容 --- 问题或需要帮助
2026-04-25 10:41:01 - INFO - app.core.graph:93 - --- 流式生成内容 --- 的地方，随时告诉我哦
2026-04-25 10:41:01 - INFO - app.core.graph:93 - --- 流式生成内容 --- ！😊
2026-04-25 10:41:01 - INFO - app.api.routes:110 - 事件类型: on_chain_start
2026-04-25 10:41:01 - INFO - app.api.routes:110 - 事件类型: on_chain_end
2026-04-25 10:41:01 - INFO - app.api.routes:110 - 事件类型: on_chain_stream
2026-04-25 10:41:01 - INFO - app.api.routes:110 - 事件类型: on_chain_end
2026-04-25 10:41:01 - INFO - app.api.routes:110 - 事件类型: on_chain_stream
2026-04-25 10:41:01 - INFO - app.api.routes:110 - 事件类型: on_chain_end
2026-04-25 10:41:01 - INFO - __main__:50 - 前端响应内容: {"answer": "", "sources": [], "is_end": true}
2026-04-25 10:41:43 - INFO - app.api.routes:110 - 事件类型: on_chain_start
2026-04-25 10:41:43 - INFO - app.api.routes:110 - 事件类型: on_chain_start
2026-04-25 10:41:43 - INFO - app.api.routes:110 - 事件类型: on_chain_start
2026-04-25 10:41:43 - INFO - app.api.routes:110 - 事件类型: on_chain_end
2026-04-25 10:41:43 - INFO - app.api.routes:110 - 事件类型: on_chain_start
2026-04-25 10:41:43 - INFO - app.api.routes:110 - 事件类型: on_chain_end
2026-04-25 10:41:43 - INFO - app.api.routes:110 - 事件类型: on_chain_stream
2026-04-25 10:41:43 - INFO - app.api.routes:114 - 返回内容：{'tenant_id': 'tenant_A', 'question': '你好', 'messages': [], 'context_docs': []}
2026-04-25 10:41:43 - INFO - app.core.graph:33 - --- 正在为租户 tenant_A 检索资料 ---
2026-04-25 10:41:48 - INFO - app.core.rag_engine:58 - 为租户 tenant_A 初始化 RAG 引擎
2026-04-25 10:41:48 - ERROR - app.core.rag_engine:79 - 加载向量库失败: Error in __cdecl faiss::FileIOReader::FileIOReader(const char *) at D:\a\faiss-wheels\faiss-wheels\third-party\faiss\faiss\impl\io.cpp:70: Error: 'f' failed: could not open storage\tenant_A\index\index.faiss for reading: No such file or directory
Traceback (most recent call last):
  File "D:\HJ\PythonProject\enterprise_knowledge_base\app\core\rag_engine.py", line 73, in load_vector_store
    return FAISS.load_local(
  File "E:\python\envs_dirs\py310\lib\site-packages\langchain_community\vectorstores\faiss.py", line 1205, in load_local
    index = faiss.read_index(str(path / f"{index_name}.faiss"))
  File "E:\python\envs_dirs\py310\lib\site-packages\faiss\swigfaiss_avx2.py", line 12913, in read_index
    return _swigfaiss_avx2.read_index(*args)
RuntimeError: Error in __cdecl faiss::FileIOReader::FileIOReader(const char *) at D:\a\faiss-wheels\faiss-wheels\third-party\faiss\faiss\impl\io.cpp:70: Error: 'f' failed: could not open storage\tenant_A\index\index.faiss for reading: No such file or directory
2026-04-25 10:41:48 - INFO - app.core.graph:50 - --- 正在生成回答 ---
2026-04-25 10:41:48 - WARNING - app.core.graph:61 - 未找到参考资料 (context_docs 为空)
2026-04-25 10:41:48 - INFO - app.core.graph:85 - 使用通用模式回答（无参考资料）
2026-04-25 10:41:49 - INFO - app.core.graph:93 - --- 流式生成内容 --- 你好
2026-04-25 10:41:49 - INFO - app.core.graph:93 - --- 流式生成内容 --- ！很高兴见到
2026-04-25 10:41:49 - INFO - app.core.graph:93 - --- 流式生成内容 --- 你～
2026-04-25 10:41:49 - INFO - app.core.graph:93 - --- 流式生成内容 --- 有什么
2026-04-25 10:41:49 - INFO - app.core.graph:93 - --- 流式生成内容 --- 问题或需要帮助
2026-04-25 10:41:49 - INFO - app.core.graph:93 - --- 流式生成内容 --- 的地方，随时告诉我哦
2026-04-25 10:41:49 - INFO - app.core.graph:93 - --- 流式生成内容 --- ！😊
2026-04-25 10:41:57 - INFO - app.api.routes:110 - 事件类型: on_chain_start
2026-04-25 10:41:57 - INFO - app.api.routes:110 - 事件类型: on_chain_start
2026-04-25 10:41:57 - INFO - app.api.routes:110 - 事件类型: on_chain_start
2026-04-25 10:41:57 - INFO - app.api.routes:110 - 事件类型: on_chain_end
2026-04-25 10:41:57 - INFO - app.api.routes:110 - 事件类型: on_chain_start
2026-04-25 10:41:57 - INFO - app.api.routes:110 - 事件类型: on_chain_end
2026-04-25 10:41:57 - INFO - app.api.routes:110 - 事件类型: on_chain_stream
2026-04-25 10:41:57 - INFO - app.api.routes:114 - 返回内容：{'tenant_id': 'tenant_A', 'question': '你好', 'messages': [], 'context_docs': []}
2026-04-25 10:41:57 - INFO - app.core.graph:33 - --- 正在为租户 tenant_A 检索资料 ---
2026-04-25 10:41:57 - INFO - app.core.rag_engine:58 - 为租户 tenant_A 初始化 RAG 引擎
2026-04-25 10:41:57 - ERROR - app.core.rag_engine:79 - 加载向量库失败: Error in __cdecl faiss::FileIOReader::FileIOReader(const char *) at D:\a\faiss-wheels\faiss-wheels\third-party\faiss\faiss\impl\io.cpp:70: Error: 'f' failed: could not open storage\tenant_A\index\index.faiss for reading: No such file or directory
Traceback (most recent call last):
  File "D:\HJ\PythonProject\enterprise_knowledge_base\app\core\rag_engine.py", line 73, in load_vector_store
    return FAISS.load_local(
  File "E:\python\envs_dirs\py310\lib\site-packages\langchain_community\vectorstores\faiss.py", line 1205, in load_local
    index = faiss.read_index(str(path / f"{index_name}.faiss"))
  File "E:\python\envs_dirs\py310\lib\site-packages\faiss\swigfaiss_avx2.py", line 12913, in read_index
    return _swigfaiss_avx2.read_index(*args)
RuntimeError: Error in __cdecl faiss::FileIOReader::FileIOReader(const char *) at D:\a\faiss-wheels\faiss-wheels\third-party\faiss\faiss\impl\io.cpp:70: Error: 'f' failed: could not open storage\tenant_A\index\index.faiss for reading: No such file or directory
2026-04-25 10:41:57 - INFO - app.core.graph:50 - --- 正在生成回答 ---
2026-04-25 10:41:57 - WARNING - app.core.graph:61 - 未找到参考资料 (context_docs 为空)
2026-04-25 10:41:57 - INFO - app.core.graph:85 - 使用通用模式回答（无参考资料）
2026-04-25 10:41:59 - INFO - app.core.graph:93 - --- 流式生成内容 --- 你好
2026-04-25 10:41:59 - INFO - app.core.graph:93 - --- 流式生成内容 --- ！很高兴见到
2026-04-25 10:41:59 - INFO - app.core.graph:93 - --- 流式生成内容 --- 你～
2026-04-25 10:41:59 - INFO - app.core.graph:93 - --- 流式生成内容 --- 有什么
2026-04-25 10:41:59 - INFO - app.core.graph:93 - --- 流式生成内容 --- 问题或需要帮助
2026-04-25 10:41:59 - INFO - app.core.graph:93 - --- 流式生成内容 --- 的地方，随时告诉我哦
2026-04-25 10:41:59 - INFO - app.core.graph:93 - --- 流式生成内容 --- ！😊
2026-04-25 10:42:36 - INFO - app.api.routes:110 - 事件类型: on_chain_start
2026-04-25 10:42:36 - INFO - app.api.routes:110 - 事件类型: on_chain_start
2026-04-25 10:42:36 - INFO - app.api.routes:110 - 事件类型: on_chain_start
2026-04-25 10:42:36 - INFO - app.api.routes:110 - 事件类型: on_chain_end
2026-04-25 10:42:36 - INFO - app.api.routes:110 - 事件类型: on_chain_start
2026-04-25 10:42:36 - INFO - app.api.routes:110 - 事件类型: on_chain_end
2026-04-25 10:42:36 - INFO - app.api.routes:110 - 事件类型: on_chain_stream
2026-04-25 10:42:36 - INFO - app.api.routes:114 - 返回内容：{'tenant_id': 'tenant_A', 'question': '你好', 'messages': [], 'context_docs': []}
2026-04-25 10:49:13 - INFO - app.api.routes:110 - 事件类型: on_chain_start
2026-04-25 10:49:13 - INFO - app.api.routes:110 - 事件类型: on_chain_start
2026-04-25 10:49:13 - INFO - app.api.routes:110 - 事件类型: on_chain_start
2026-04-25 10:49:13 - INFO - app.api.routes:110 - 事件类型: on_chain_end
2026-04-25 10:49:13 - INFO - app.api.routes:110 - 事件类型: on_chain_start
2026-04-25 10:49:13 - INFO - app.api.routes:110 - 事件类型: on_chain_end
2026-04-25 10:49:13 - INFO - app.api.routes:110 - 事件类型: on_chain_stream
2026-04-25 10:49:13 - INFO - app.api.routes:110 - 事件类型: on_chain_end
2026-04-25 10:49:13 - INFO - app.api.routes:110 - 事件类型: on_chain_start
2026-04-25 10:49:13 - INFO - app.core.graph:34 - --- 正在为租户 tenant_A 检索资料 ---
2026-04-25 10:49:19 - INFO - app.core.rag_engine:58 - 为租户 tenant_A 初始化 RAG 引擎
2026-04-25 10:49:19 - ERROR - app.core.rag_engine:79 - 加载向量库失败: Error in __cdecl faiss::FileIOReader::FileIOReader(const char *) at D:\a\faiss-wheels\faiss-wheels\third-party\faiss\faiss\impl\io.cpp:70: Error: 'f' failed: could not open storage\tenant_A\index\index.faiss for reading: No such file or directory
Traceback (most recent call last):
  File "D:\HJ\PythonProject\enterprise_knowledge_base\app\core\rag_engine.py", line 73, in load_vector_store
    return FAISS.load_local(
  File "E:\python\envs_dirs\py310\lib\site-packages\langchain_community\vectorstores\faiss.py", line 1205, in load_local
    index = faiss.read_index(str(path / f"{index_name}.faiss"))
  File "E:\python\envs_dirs\py310\lib\site-packages\faiss\swigfaiss_avx2.py", line 12913, in read_index
    return _swigfaiss_avx2.read_index(*args)
RuntimeError: Error in __cdecl faiss::FileIOReader::FileIOReader(const char *) at D:\a\faiss-wheels\faiss-wheels\third-party\faiss\faiss\impl\io.cpp:70: Error: 'f' failed: could not open storage\tenant_A\index\index.faiss for reading: No such file or directory
2026-04-25 10:49:19 - INFO - app.api.routes:110 - 事件类型: on_chain_start
2026-04-25 10:49:19 - INFO - app.api.routes:110 - 事件类型: on_chain_end
2026-04-25 10:49:19 - INFO - app.api.routes:110 - 事件类型: on_chain_stream
2026-04-25 10:49:19 - INFO - app.api.routes:110 - 事件类型: on_chain_end
2026-04-25 10:49:19 - INFO - app.api.routes:110 - 事件类型: on_chain_stream
2026-04-25 10:49:19 - INFO - app.api.routes:110 - 事件类型: on_chain_start
2026-04-25 10:49:19 - INFO - app.core.graph:51 - --- 正在生成回答 ---
2026-04-25 10:49:19 - WARNING - app.core.graph:62 - 未找到参考资料 (context_docs 为空)
2026-04-25 10:49:19 - INFO - app.core.graph:86 - 使用通用模式回答（无参考资料）
2026-04-25 10:49:19 - INFO - app.api.routes:110 - 事件类型: on_chat_model_start
2026-04-25 10:49:19 - INFO - app.api.routes:110 - 事件类型: on_chat_model_stream
2026-04-25 10:49:19 - INFO - app.api.routes:114 - 返回内容：content='' additional_kwargs={} response_metadata={} id='run--019dc28a-a477-7b72-b769-2de82d0a804e'
2026-04-25 10:49:19 - INFO - app.api.routes:110 - 事件类型: on_chat_model_stream
2026-04-25 10:49:19 - INFO - app.api.routes:114 - 返回内容：content='你好' additional_kwargs={} response_metadata={} id='run--019dc28a-a477-7b72-b769-2de82d0a804e'
2026-04-25 10:49:19 - INFO - app.core.graph:94 - --- 流式生成内容 --- 你好
2026-04-25 10:49:19 - INFO - __main__:50 - 前端响应内容: {"answer": "你好", "sources": [], "is_end": false}
2026-04-25 10:49:19 - INFO - app.api.routes:110 - 事件类型: on_chat_model_stream
2026-04-25 10:49:19 - INFO - app.api.routes:114 - 返回内容：content='！很高兴见到' additional_kwargs={} response_metadata={} id='run--019dc28a-a477-7b72-b769-2de82d0a804e'
2026-04-25 10:49:19 - INFO - app.core.graph:94 - --- 流式生成内容 --- ！很高兴见到
2026-04-25 10:49:19 - INFO - __main__:50 - 前端响应内容: {"answer": "！很高兴见到", "sources": [], "is_end": false}
2026-04-25 10:49:19 - INFO - app.api.routes:110 - 事件类型: on_chat_model_stream
2026-04-25 10:49:19 - INFO - app.api.routes:114 - 返回内容：content='你～' additional_kwargs={} response_metadata={} id='run--019dc28a-a477-7b72-b769-2de82d0a804e'
2026-04-25 10:49:19 - INFO - app.core.graph:94 - --- 流式生成内容 --- 你～
2026-04-25 10:49:19 - INFO - __main__:50 - 前端响应内容: {"answer": "你～", "sources": [], "is_end": false}
2026-04-25 10:49:19 - INFO - app.api.routes:110 - 事件类型: on_chat_model_stream
2026-04-25 10:49:19 - INFO - app.api.routes:114 - 返回内容：content='有什么' additional_kwargs={} response_metadata={} id='run--019dc28a-a477-7b72-b769-2de82d0a804e'
2026-04-25 10:49:19 - INFO - app.core.graph:94 - --- 流式生成内容 --- 有什么
2026-04-25 10:49:19 - INFO - __main__:50 - 前端响应内容: {"answer": "有什么", "sources": [], "is_end": false}
2026-04-25 10:49:19 - INFO - app.api.routes:110 - 事件类型: on_chat_model_stream
2026-04-25 10:49:19 - INFO - app.api.routes:114 - 返回内容：content='问题或需要帮助' additional_kwargs={} response_metadata={} id='run--019dc28a-a477-7b72-b769-2de82d0a804e'
2026-04-25 10:49:19 - INFO - app.core.graph:94 - --- 流式生成内容 --- 问题或需要帮助
2026-04-25 10:49:19 - INFO - __main__:50 - 前端响应内容: {"answer": "问题或需要帮助", "sources": [], "is_end": false}
2026-04-25 10:49:19 - INFO - app.api.routes:110 - 事件类型: on_chat_model_stream
2026-04-25 10:49:19 - INFO - app.api.routes:114 - 返回内容：content='的地方，随时告诉我哦' additional_kwargs={} response_metadata={} id='run--019dc28a-a477-7b72-b769-2de82d0a804e'
2026-04-25 10:49:19 - INFO - app.core.graph:94 - --- 流式生成内容 --- 的地方，随时告诉我哦
"sources": [], "is_end": false}
2026-04-25 10:49:20 - INFO - app.api.routes:110 - 事件类型: on_chat_model_stream
2026-04-25 10:49:20 - INFO - app.api.routes:114 - 返回内容：content='！😊' additional_kwargs={} response_metadata={} id='run--019dc28a-a477-7b72-b769-2de82d0a804e'
2026-04-25 10:49:20 - INFO - app.core.graph:94 - --- 流式生成内容 --- ！😊
2026-04-25 10:49:20 - INFO - __main__:50 - 前端响应内容: {"answer": "！😊", "sources": [], "is_end": false}
2026-04-25 10:49:20 - INFO - app.api.routes:110 - 事件类型: on_chat_model_stream
2026-04-25 10:49:20 - INFO - app.api.routes:114 - 返回内容：content='' additional_kwargs={} response_metadata={'finish_reason': 'stop', 'model_name': 'qwen-plus'} id='run--019dc28a-a477-7b72-b769-2de82d0a804e'
2026-04-25 10:49:20 - INFO - app.api.routes:110 - 事件类型: on_chat_model_end
2026-04-25 10:49:20 - INFO - app.api.routes:110 - 事件类型: on_chain_start
2026-04-25 10:49:20 - INFO - app.api.routes:110 - 事件类型: on_chain_end
2026-04-25 10:49:20 - INFO - app.api.routes:110 - 事件类型: on_chain_stream
2026-04-25 10:49:20 - INFO - app.api.routes:110 - 事件类型: on_chain_end
2026-04-25 10:49:20 - INFO - app.api.routes:110 - 事件类型: on_chain_stream
2026-04-25 10:49:20 - INFO - app.api.routes:110 - 事件类型: on_chain_end
2026-04-25 10:49:20 - INFO - __main__:50 - 前端响应内容: {"answer": "", "sources": [], "is_end": true}
2026-04-25 10:49:35 - INFO - app.api.routes:110 - 事件类型: on_chain_start
2026-04-25 10:49:35 - INFO - app.api.routes:110 - 事件类型: on_chain_start
2026-04-25 10:49:35 - INFO - app.api.routes:110 - 事件类型: on_chain_start
2026-04-25 10:49:35 - INFO - app.api.routes:110 - 事件类型: on_chain_end
2026-04-25 10:49:35 - INFO - app.api.routes:110 - 事件类型: on_chain_start
2026-04-25 10:49:35 - INFO - app.api.routes:110 - 事件类型: on_chain_end
2026-04-25 10:49:35 - INFO - app.api.routes:110 - 事件类型: on_chain_stream
2026-04-25 10:49:35 - INFO - app.api.routes:110 - 事件类型: on_chain_end
2026-04-25 10:49:35 - INFO - app.api.routes:110 - 事件类型: on_chain_start
2026-04-25 10:49:35 - INFO - app.core.graph:34 - --- 正在为租户 tenant_A 检索资料 ---
2026-04-25 10:49:35 - INFO - app.core.rag_engine:58 - 为租户 tenant_A 初始化 RAG 引擎
2026-04-25 10:49:35 - ERROR - app.core.rag_engine:79 - 加载向量库失败: Error in __cdecl faiss::FileIOReader::FileIOReader(const char *) at D:\a\faiss-wheels\faiss-wheels\third-party\faiss\faiss\impl\io.cpp:70: Error: 'f' failed: could not open storage\tenant_A\index\index.faiss for reading: No such file or directory
Traceback (most recent call last):
  File "D:\HJ\PythonProject\enterprise_knowledge_base\app\core\rag_engine.py", line 73, in load_vector_store
    return FAISS.load_local(
  File "E:\python\envs_dirs\py310\lib\site-packages\langchain_community\vectorstores\faiss.py", line 1205, in load_local
    index = faiss.read_index(str(path / f"{index_name}.faiss"))
  File "E:\python\envs_dirs\py310\lib\site-packages\faiss\swigfaiss_avx2.py", line 12913, in read_index
    return _swigfaiss_avx2.read_index(*args)
RuntimeError: Error in __cdecl faiss::FileIOReader::FileIOReader(const char *) at D:\a\faiss-wheels\faiss-wheels\third-party\faiss\faiss\impl\io.cpp:70: Error: 'f' failed: could not open storage\tenant_A\index\index.faiss for reading: No such file or directory
2026-04-25 10:49:35 - INFO - app.api.routes:110 - 事件类型: on_chain_start
2026-04-25 10:49:35 - INFO - app.api.routes:110 - 事件类型: on_chain_end
2026-04-25 10:49:35 - INFO - app.api.routes:110 - 事件类型: on_chain_stream
2026-04-25 10:49:35 - INFO - app.api.routes:110 - 事件类型: on_chain_end
2026-04-25 10:49:35 - INFO - app.api.routes:110 - 事件类型: on_chain_stream
2026-04-25 10:49:35 - INFO - app.api.routes:110 - 事件类型: on_chain_start
2026-04-25 10:49:35 - INFO - app.core.graph:51 - --- 正在生成回答 ---
2026-04-25 10:49:35 - WARNING - app.core.graph:62 - 未找到参考资料 (context_docs 为空)
2026-04-25 10:49:35 - INFO - app.core.graph:86 - 使用通用模式回答（无参考资料）
2026-04-25 10:49:35 - INFO - app.api.routes:110 - 事件类型: on_chat_model_start
2026-04-25 10:49:36 - INFO - app.api.routes:110 - 事件类型: on_chat_model_stream
2026-04-25 10:49:36 - INFO - app.api.routes:114 - 返回内容：content='' additional_kwargs={} response_metadata={} id='run--019dc28a-e551-73e0-a25e-7e0ecc2fb546'
2026-04-25 10:49:36 - INFO - app.api.routes:110 - 事件类型: on_chat_model_stream
2026-04-25 10:49:36 - INFO - app.api.routes:114 - 返回内容：content='你好' additional_kwargs={} response_metadata={} id='run--019dc28a-e551-73e0-a25e-7e0ecc2fb546'
2026-04-25 10:49:36 - INFO - __main__:50 - 前端响应内容: {"answer": "你好", "sources": [], "is_end": false}
2026-04-25 10:49:36 - INFO - app.api.routes:110 - 事件类型: on_chat_model_stream
2026-04-25 10:49:36 - INFO - app.api.routes:114 - 返回内容：content='！很高兴见到' additional_kwargs={} response_metadata={} id='run--019dc28a-e551-73e0-a25e-7e0ecc2fb546'
2026-04-25 10:49:36 - INFO - app.core.graph:94 - --- 流式生成内容 --- ！很高兴见到
2026-04-25 10:49:36 - INFO - __main__:50 - 前端响应内容: {"answer": "！很高兴见到", "sources": [], "is_end": false}
2026-04-25 10:49:36 - INFO - app.api.routes:110 - 事件类型: on_chat_model_stream
2026-04-25 10:49:36 - INFO - app.api.routes:114 - 返回内容：content='你～' additional_kwargs={} response_metadata={} id='run--019dc28a-e551-73e0-a25e-7e0ecc2fb546'
2026-04-25 10:49:36 - INFO - app.core.graph:94 - --- 流式生成内容 --- 你～
"sources": [], "is_end": false}
2026-04-25 10:49:36 - INFO - app.api.routes:110 - 事件类型: on_chat_model_stream
2026-04-25 10:49:36 - INFO - app.api.routes:114 - 返回内容：content='有什么' additional_kwargs={} response_metadata={} id='run--019dc28a-e551-73e0-a25e-7e0ecc2fb546'
2026-04-25 10:49:36 - INFO - app.core.graph:94 - --- 流式生成内容 --- 有什么
"sources": [], "is_end": false}
2026-04-25 10:49:36 - INFO - app.api.routes:110 - 事件类型: on_chat_model_stream
2026-04-25 10:49:36 - INFO - app.api.routes:114 - 返回内容：content='问题或需要帮助' additional_kwargs={} response_metadata={} id='run--019dc28a-e551-73e0-a25e-7e0ecc2fb546'
2026-04-25 10:49:36 - INFO - __main__:50 - 前端响应内容: {"answer": "问题或需要帮助", "sources": [], "is_end": false}
2026-04-25 10:49:36 - INFO - app.api.routes:110 - 事件类型: on_chat_model_stream
2026-04-25 10:49:36 - INFO - app.api.routes:114 - 返回内容：content='的地方，随时告诉我哦' additional_kwargs={} response_metadata={} id='run--019dc28a-e551-73e0-a25e-7e0ecc2fb546'
2026-04-25 10:49:36 - INFO - app.core.graph:94 - --- 流式生成内容 --- 的地方，随时告诉我哦
"sources": [], "is_end": false}
2026-04-25 10:49:36 - INFO - app.api.routes:110 - 事件类型: on_chat_model_stream
2026-04-25 10:49:36 - INFO - app.api.routes:114 - 返回内容：content='！😊' additional_kwargs={} response_metadata={} id='run--019dc28a-e551-73e0-a25e-7e0ecc2fb546'
2026-04-25 10:49:36 - INFO - app.core.graph:94 - --- 流式生成内容 --- ！😊
"sources": [], "is_end": false}
2026-04-25 10:49:36 - INFO - app.api.routes:110 - 事件类型: on_chat_model_stream
2026-04-25 10:49:36 - INFO - app.api.routes:114 - 返回内容：content='' additional_kwargs={} response_metadata={'finish_reason': 'stop', 'model_name': 'qwen-plus'} id='run--019dc28a-e551-73e0-a25e-7e0ecc2fb546'
2026-04-25 10:49:36 - INFO - app.api.routes:110 - 事件类型: on_chat_model_end
2026-04-25 10:49:36 - INFO - app.api.routes:110 - 事件类型: on_chain_start
2026-04-25 10:49:36 - INFO - app.api.routes:110 - 事件类型: on_chain_end
2026-04-25 10:49:36 - INFO - app.api.routes:110 - 事件类型: on_chain_stream
2026-04-25 10:49:36 - INFO - app.api.routes:110 - 事件类型: on_chain_end
2026-04-25 10:49:36 - INFO - app.api.routes:110 - 事件类型: on_chain_stream
2026-04-25 10:49:36 - INFO - app.api.routes:110 - 事件类型: on_chain_end
2026-04-25 10:49:36 - INFO - __main__:50 - 前端响应内容: {"answer": "", "sources": [], "is_end": true}
2026-04-25 10:49:42 - INFO - app.api.routes:110 - 事件类型: on_chain_start
2026-04-25 10:49:42 - INFO - app.api.routes:110 - 事件类型: on_chain_start
2026-04-25 10:49:42 - INFO - app.api.routes:110 - 事件类型: on_chain_start
2026-04-25 10:49:42 - INFO - app.api.routes:110 - 事件类型: on_chain_end
2026-04-25 10:49:42 - INFO - app.api.routes:110 - 事件类型: on_chain_start
2026-04-25 10:49:42 - INFO - app.api.routes:110 - 事件类型: on_chain_end
2026-04-25 10:49:42 - INFO - app.api.routes:110 - 事件类型: on_chain_stream
2026-04-25 10:49:42 - INFO - app.api.routes:110 - 事件类型: on_chain_end
2026-04-25 10:49:42 - INFO - app.api.routes:110 - 事件类型: on_chain_start
2026-04-25 10:49:42 - INFO - app.core.graph:34 - --- 正在为租户 tenant_A 检索资料 ---
2026-04-25 10:49:42 - INFO - app.core.rag_engine:58 - 为租户 tenant_A 初始化 RAG 引擎
2026-04-25 10:49:42 - ERROR - app.core.rag_engine:79 - 加载向量库失败: Error in __cdecl faiss::FileIOReader::FileIOReader(const char *) at D:\a\faiss-wheels\faiss-wheels\third-party\faiss\faiss\impl\io.cpp:70: Error: 'f' failed: could not open storage\tenant_A\index\index.faiss for reading: No such file or directory
Traceback (most recent call last):
  File "D:\HJ\PythonProject\enterprise_knowledge_base\app\core\rag_engine.py", line 73, in load_vector_store
    return FAISS.load_local(
  File "E:\python\envs_dirs\py310\lib\site-packages\langchain_community\vectorstores\faiss.py", line 1205, in load_local
    index = faiss.read_index(str(path / f"{index_name}.faiss"))
  File "E:\python\envs_dirs\py310\lib\site-packages\faiss\swigfaiss_avx2.py", line 12913, in read_index
    return _swigfaiss_avx2.read_index(*args)
RuntimeError: Error in __cdecl faiss::FileIOReader::FileIOReader(const char *) at D:\a\faiss-wheels\faiss-wheels\third-party\faiss\faiss\impl\io.cpp:70: Error: 'f' failed: could not open storage\tenant_A\index\index.faiss for reading: No such file or directory
2026-04-25 10:49:42 - INFO - app.api.routes:110 - 事件类型: on_chain_start
2026-04-25 10:49:42 - INFO - app.api.routes:110 - 事件类型: on_chain_end
2026-04-25 10:49:42 - INFO - app.api.routes:110 - 事件类型: on_chain_stream
2026-04-25 10:49:42 - INFO - app.api.routes:110 - 事件类型: on_chain_end
2026-04-25 10:49:42 - INFO - app.api.routes:110 - 事件类型: on_chain_stream
2026-04-25 10:49:42 - INFO - app.api.routes:110 - 事件类型: on_chain_start
2026-04-25 10:49:42 - INFO - app.core.graph:51 - --- 正在生成回答 ---
2026-04-25 10:49:42 - WARNING - app.core.graph:62 - 未找到参考资料 (context_docs 为空)
2026-04-25 10:49:42 - INFO - app.core.graph:86 - 使用通用模式回答（无参考资料）
2026-04-25 10:49:42 - INFO - app.api.routes:110 - 事件类型: on_chat_model_start
2026-04-25 10:49:43 - INFO - app.api.routes:110 - 事件类型: on_chat_model_stream
2026-04-25 10:49:43 - INFO - app.api.routes:114 - 返回内容：content='' additional_kwargs={} response_metadata={} id='run--019dc28b-00ae-71d2-ab04-99c79c8767fb'
2026-04-25 10:49:43 - INFO - app.api.routes:110 - 事件类型: on_chat_model_stream
2026-04-25 10:49:43 - INFO - app.api.routes:114 - 返回内容：content='你好' additional_kwargs={} response_metadata={} id='run--019dc28b-00ae-71d2-ab04-99c79c8767fb'
2026-04-25 10:49:43 - INFO - __main__:50 - 前端响应内容: {"answer": "你好", "sources": [], "is_end": false}
2026-04-25 10:49:43 - INFO - app.api.routes:110 - 事件类型: on_chat_model_stream
2026-04-25 10:49:43 - INFO - app.api.routes:114 - 返回内容：content='！很高兴见到' additional_kwargs={} response_metadata={} id='run--019dc28b-00ae-71d2-ab04-99c79c8767fb'
2026-04-25 10:49:43 - INFO - __main__:50 - 前端响应内容: {"answer": "！很高兴见到", "sources": [], "is_end": false}
2026-04-25 10:49:43 - INFO - app.api.routes:110 - 事件类型: on_chat_model_stream
2026-04-25 10:49:43 - INFO - app.api.routes:114 - 返回内容：content='你～' additional_kwargs={} response_metadata={} id='run--019dc28b-00ae-71d2-ab04-99c79c8767fb'
2026-04-25 10:49:43 - INFO - app.core.graph:94 - --- 流式生成内容 --- 你～
2026-04-25 10:49:43 - INFO - __main__:50 - 前端响应内容: {"answer": "你～", "sources": [], "is_end": false}
2026-04-25 10:49:43 - INFO - app.api.routes:110 - 事件类型: on_chat_model_stream
2026-04-25 10:49:43 - INFO - app.api.routes:114 - 返回内容：content='有什么' additional_kwargs={} response_metadata={} id='run--019dc28b-00ae-71d2-ab04-99c79c8767fb'
2026-04-25 10:49:43 - INFO - __main__:50 - 前端响应内容: {"answer": "有什么", "sources": [], "is_end": false}
2026-04-25 10:49:43 - INFO - app.api.routes:110 - 事件类型: on_chat_model_stream
2026-04-25 10:49:43 - INFO - app.api.routes:114 - 返回内容：content='问题或需要帮助' additional_kwargs={} response_metadata={} id='run--019dc28b-00ae-71d2-ab04-99c79c8767fb'
2026-04-25 10:49:43 - INFO - app.core.graph:94 - --- 流式生成内容 --- 问题或需要帮助
"sources": [], "is_end": false}
2026-04-25 10:49:43 - INFO - app.api.routes:110 - 事件类型: on_chat_model_stream
2026-04-25 10:49:43 - INFO - app.api.routes:114 - 返回内容：content='的地方，随时告诉我哦' additional_kwargs={} response_metadata={} id='run--019dc28b-00ae-71d2-ab04-99c79c8767fb'
2026-04-25 10:49:43 - INFO - app.core.graph:94 - --- 流式生成内容 --- 的地方，随时告诉我哦
"sources": [], "is_end": false}
2026-04-25 10:49:43 - INFO - app.api.routes:110 - 事件类型: on_chat_model_stream
2026-04-25 10:49:43 - INFO - app.api.routes:114 - 返回内容：content='！😊' additional_kwargs={} response_metadata={} id='run--019dc28b-00ae-71d2-ab04-99c79c8767fb'
2026-04-25 10:49:43 - INFO - app.core.graph:94 - --- 流式生成内容 --- ！😊
"sources": [], "is_end": false}
2026-04-25 10:49:43 - INFO - app.api.routes:110 - 事件类型: on_chat_model_stream
2026-04-25 10:49:43 - INFO - app.api.routes:114 - 返回内容：content='' additional_kwargs={} response_metadata={'finish_reason': 'stop', 'model_name': 'qwen-plus'} id='run--019dc28b-00ae-71d2-ab04-99c79c8767fb'
2026-04-25 10:49:43 - INFO - app.api.routes:110 - 事件类型: on_chat_model_end
2026-04-25 10:49:43 - INFO - app.api.routes:110 - 事件类型: on_chain_start
2026-04-25 10:49:43 - INFO - app.api.routes:110 - 事件类型: on_chain_end
2026-04-25 10:49:43 - INFO - app.api.routes:110 - 事件类型: on_chain_stream
2026-04-25 10:49:43 - INFO - app.api.routes:110 - 事件类型: on_chain_end
2026-04-25 10:49:43 - INFO - app.api.routes:110 - 事件类型: on_chain_stream
2026-04-25 10:49:43 - INFO - app.api.routes:110 - 事件类型: on_chain_end
2026-04-25 10:49:43 - INFO - __main__:50 - 前端响应内容: {"answer": "", "sources": [], "is_end": true}
2026-04-25 10:49:52 - INFO - app.api.routes:110 - 事件类型: on_chain_start
2026-04-25 10:49:52 - INFO - app.api.routes:110 - 事件类型: on_chain_start
2026-04-25 10:49:52 - INFO - app.api.routes:110 - 事件类型: on_chain_start
2026-04-25 10:49:52 - INFO - app.api.routes:110 - 事件类型: on_chain_end
2026-04-25 10:49:52 - INFO - app.api.routes:110 - 事件类型: on_chain_start
2026-04-25 10:49:52 - INFO - app.api.routes:110 - 事件类型: on_chain_end
2026-04-25 10:49:52 - INFO - app.api.routes:110 - 事件类型: on_chain_stream
2026-04-25 10:49:52 - INFO - app.api.routes:110 - 事件类型: on_chain_end
2026-04-25 10:49:52 - INFO - app.api.routes:110 - 事件类型: on_chain_start
2026-04-25 10:49:52 - INFO - app.core.graph:34 - --- 正在为租户 tenant_A 检索资料 ---
2026-04-25 10:49:52 - INFO - app.core.rag_engine:58 - 为租户 tenant_A 初始化 RAG 引擎
2026-04-25 10:49:52 - ERROR - app.core.rag_engine:79 - 加载向量库失败: Error in __cdecl faiss::FileIOReader::FileIOReader(const char *) at D:\a\faiss-wheels\faiss-wheels\third-party\faiss\faiss\impl\io.cpp:70: Error: 'f' failed: could not open storage\tenant_A\index\index.faiss for reading: No such file or directory
Traceback (most recent call last):
  File "D:\HJ\PythonProject\enterprise_knowledge_base\app\core\rag_engine.py", line 73, in load_vector_store
    return FAISS.load_local(
  File "E:\python\envs_dirs\py310\lib\site-packages\langchain_community\vectorstores\faiss.py", line 1205, in load_local
    index = faiss.read_index(str(path / f"{index_name}.faiss"))
  File "E:\python\envs_dirs\py310\lib\site-packages\faiss\swigfaiss_avx2.py", line 12913, in read_index
    return _swigfaiss_avx2.read_index(*args)
RuntimeError: Error in __cdecl faiss::FileIOReader::FileIOReader(const char *) at D:\a\faiss-wheels\faiss-wheels\third-party\faiss\faiss\impl\io.cpp:70: Error: 'f' failed: could not open storage\tenant_A\index\index.faiss for reading: No such file or directory
2026-04-25 10:49:52 - INFO - app.api.routes:110 - 事件类型: on_chain_start
2026-04-25 10:49:52 - INFO - app.api.routes:110 - 事件类型: on_chain_end
2026-04-25 10:49:52 - INFO - app.api.routes:110 - 事件类型: on_chain_stream
2026-04-25 10:49:52 - INFO - app.api.routes:110 - 事件类型: on_chain_end
2026-04-25 10:49:52 - INFO - app.api.routes:110 - 事件类型: on_chain_stream
2026-04-25 10:49:52 - INFO - app.api.routes:110 - 事件类型: on_chain_start
2026-04-25 10:49:52 - INFO - app.core.graph:51 - --- 正在生成回答 ---
2026-04-25 10:49:52 - WARNING - app.core.graph:62 - 未找到参考资料 (context_docs 为空)
2026-04-25 10:49:52 - INFO - app.core.graph:86 - 使用通用模式回答（无参考资料）
2026-04-25 10:49:52 - INFO - app.api.routes:110 - 事件类型: on_chat_model_start
2026-04-25 10:49:53 - INFO - app.api.routes:110 - 事件类型: on_chat_model_stream
2026-04-25 10:49:53 - INFO - app.api.routes:114 - 返回内容：content='' additional_kwargs={} response_metadata={} id='run--019dc28b-26a1-7a91-87c2-0b3b9bfdc777'
2026-04-25 10:49:53 - INFO - app.api.routes:110 - 事件类型: on_chat_model_stream
2026-04-25 10:49:53 - INFO - app.api.routes:114 - 返回内容：content='当然' additional_kwargs={} response_metadata={} id='run--019dc28b-26a1-7a91-87c2-0b3b9bfdc777'
2026-04-25 10:49:53 - INFO - __main__:50 - 前端响应内容: {"answer": "当然", "sources": [], "is_end": false}
2026-04-25 10:49:53 - INFO - app.api.routes:110 - 事件类型: on_chat_model_stream
2026-04-25 10:49:53 - INFO - app.api.routes:114 - 返回内容：content='可以！作为' additional_kwargs={} response_metadata={} id='run--019dc28b-26a1-7a91-87c2-0b3b9bfdc777'
2026-04-25 10:49:53 - INFO - __main__:50 - 前端响应内容: {"answer": "可以！作为", "sources": [], "is_end": false}
2026-04-25 10:49:53 - INFO - app.api.routes:110 - 事件类型: on_chat_model_stream
2026-04-25 10:49:53 - INFO - app.api.routes:114 - 返回内容：content='你的' additional_kwargs={} response_metadata={} id='run--019dc28b-26a1-7a91-87c2-0b3b9bfdc777'
2026-04-25 10:49:53 - INFO - app.core.graph:94 - --- 流式生成内容 --- 你的
2026-04-25 10:49:53 - INFO - __main__:50 - 前端响应内容: {"answer": "你的", "sources": [], "is_end": false}
2026-04-25 10:49:53 - INFO - app.api.routes:110 - 事件类型: on_chat_model_stream
2026-04-25 10:49:53 - INFO - app.api.routes:114 - 返回内容：content='智能助手，' additional_kwargs={} response_metadata={} id='run--019dc28b-26a1-7a91-87c2-0b3b9bfdc777'
2026-04-25 10:49:53 - INFO - app.core.graph:94 - --- 流式生成内容 --- 智能助手，
2026-04-25 10:49:53 - INFO - __main__:50 - 前端响应内容: {"answer": "智能助手，", "sources": [], "is_end": false}
2026-04-25 10:49:53 - INFO - app.api.routes:110 - 事件类型: on_chat_model_stream
2026-04-25 10:49:53 - INFO - app.api.routes:114 - 返回内容：content='我可以为你提供多种' additional_kwargs={} response_metadata={} id='run--019dc28b-26a1-7a91-87c2-0b3b9bfdc777'
2026-04-25 10:49:53 - INFO - app.core.graph:94 - --- 流式生成内容 --- 我可以为你提供多种
2026-04-25 10:49:53 - INFO - __main__:50 - 前端响应内容: {"answer": "我可以为你提供多种", "sources": [], "is_end": false}
2026-04-25 10:49:53 - INFO - app.api.routes:110 - 事件类型: on_chat_model_stream
2026-04-25 10:49:53 - INFO - app.api.routes:114 - 返回内容：content='实用帮助，包括但不限于' additional_kwargs={} response_metadata={} id='run--019dc28b-26a1-7a91-87c2-0b3b9bfdc777'
2026-04-25 10:49:53 - INFO - app.core.graph:94 - --- 流式生成内容 --- 实用帮助，包括但不限于
"sources": [], "is_end": false}
2026-04-25 10:49:53 - INFO - app.api.routes:110 - 事件类型: on_chat_model_stream
2026-04-25 10:49:53 - INFO - app.api.routes:114 - 返回内容：content='：\n\n✅ **信息' additional_kwargs={} response_metadata={} id='run--019dc28b-26a1-7a91-87c2-0b3b9bfdc777'
2026-04-25 10:49:53 - INFO - __main__:50 - 前端响应内容: {"answer": "：\n\n✅ **信息", "sources": [], "is_end": false}
2026-04-25 10:49:53 - INFO - app.api.routes:110 - 事件类型: on_chat_model_stream
2026-04-25 10:49:53 - INFO - app.api.routes:114 - 返回内容：content='查询**：解答' additional_kwargs={} response_metadata={} id='run--019dc28b-26a1-7a91-87c2-0b3b9bfdc777'
2026-04-25 10:49:53 - INFO - app.core.graph:94 - --- 流式生成内容 --- 查询**：解答
"sources": [], "is_end": false}
2026-04-25 10:49:53 - INFO - app.api.routes:110 - 事件类型: on_chat_model_stream
2026-04-25 10:49:53 - INFO - app.api.routes:114 - 返回内容：content='各类知识性问题（如' additional_kwargs={} response_metadata={} id='run--019dc28b-26a1-7a91-87c2-0b3b9bfdc777'
2026-04-25 10:49:53 - INFO - app.core.graph:94 - --- 流式生成内容 --- 各类知识性问题（如
2026-04-25 10:49:53 - INFO - __main__:50 - 前端响应内容: {"answer": "各类知识性问题（如", "sources": [], "is_end": false}
2026-04-25 10:49:53 - INFO - app.api.routes:110 - 事件类型: on_chat_model_stream
2026-04-25 10:49:53 - INFO - app.api.routes:114 - 返回内容：content='科学、历史、' additional_kwargs={} response_metadata={} id='run--019dc28b-26a1-7a91-87c2-0b3b9bfdc777'
2026-04-25 10:49:53 - INFO - app.core.graph:94 - --- 流式生成内容 --- 科学、历史、
2026-04-25 10:49:53 - INFO - __main__:50 - 前端响应内容: {"answer": "科学、历史、", "sources": [], "is_end": false}
2026-04-25 10:49:54 - INFO - app.api.routes:110 - 事件类型: on_chat_model_stream
2026-04-25 10:49:54 - INFO - app.api.routes:114 - 返回内容：content='地理、文化、技术' additional_kwargs={} response_metadata={} id='run--019dc28b-26a1-7a91-87c2-0b3b9bfdc777'
2026-04-25 10:49:54 - INFO - __main__:50 - 前端响应内容: {"answer": "地理、文化、技术", "sources": [], "is_end": false}
2026-04-25 10:49:54 - INFO - app.core.graph:94 - --- 流式生成内容 --- 地理、文化、技术
2026-04-25 10:49:54 - INFO - app.api.routes:110 - 事件类型: on_chat_model_stream
2026-04-25 10:49:54 - INFO - app.api.routes:114 - 返回内容：content='等），解释概念' additional_kwargs={} response_metadata={} id='run--019dc28b-26a1-7a91-87c2-0b3b9bfdc777'
2026-04-25 10:49:54 - INFO - __main__:50 - 前端响应内容: {"answer": "等），解释概念", "sources": [], "is_end": false}
2026-04-25 10:49:54 - INFO - app.api.routes:110 - 事件类型: on_chat_model_stream
2026-04-25 10:49:54 - INFO - app.api.routes:114 - 返回内容：content='，梳理时间线' additional_kwargs={} response_metadata={} id='run--019dc28b-26a1-7a91-87c2-0b3b9bfdc777'
2026-04-25 10:49:54 - INFO - __main__:50 - 前端响应内容: {"answer": "，梳理时间线", "sources": [], "is_end": false}
2026-04-25 10:49:54 - INFO - app.core.graph:94 - --- 流式生成内容 --- ，梳理时间线
2026-04-25 10:49:54 - INFO - app.api.routes:110 - 事件类型: on_chat_model_stream
2026-04-25 10:49:54 - INFO - app.api.routes:114 - 返回内容：content='或逻辑关系。\n\n✅ **' additional_kwargs={} response_metadata={} id='run--019dc28b-26a1-7a91-87c2-0b3b9bfdc777'
2026-04-25 10:49:54 - INFO - __main__:50 - 前端响应内容: {"answer": "或逻辑关系。\n\n✅ **", "sources": [], "is_end": false}
2026-04-25 10:49:54 - INFO - app.api.routes:110 - 事件类型: on_chat_model_stream
2026-04-25 10:49:54 - INFO - app.api.routes:114 - 返回内容：content='学习辅导**：辅助' additional_kwargs={} response_metadata={} id='run--019dc28b-26a1-7a91-87c2-0b3b9bfdc777'
2026-04-25 10:49:54 - INFO - app.core.graph:94 - --- 流式生成内容 --- 学习辅导**：辅助
"sources": [], "is_end": false}
2026-04-25 10:49:54 - INFO - app.api.routes:110 - 事件类型: on_chat_model_stream
2026-04-25 10:49:54 - INFO - app.api.routes:114 - 返回内容：content='理解数学题、物理' additional_kwargs={} response_metadata={} id='run--019dc28b-26a1-7a91-87c2-0b3b9bfdc777'
2026-04-25 10:49:54 - INFO - __main__:50 - 前端响应内容: {"answer": "理解数学题、物理", "sources": [], "is_end": false}
2026-04-25 10:49:54 - INFO - app.api.routes:110 - 事件类型: on_chat_model_stream
2026-04-25 10:49:54 - INFO - app.api.routes:114 - 返回内容：content='公式、编程逻辑' additional_kwargs={} response_metadata={} id='run--019dc28b-26a1-7a91-87c2-0b3b9bfdc777'
2026-04-25 10:49:54 - INFO - __main__:50 - 前端响应内容: {"answer": "公式、编程逻辑", "sources": [], "is_end": false}
2026-04-25 10:49:54 - INFO - app.api.routes:110 - 事件类型: on_chat_model_stream
2026-04-25 10:49:54 - INFO - app.api.routes:114 - 返回内容：content='、语言语法（中' additional_kwargs={} response_metadata={} id='run--019dc28b-26a1-7a91-87c2-0b3b9bfdc777'
2026-04-25 10:49:54 - INFO - app.core.graph:94 - --- 流式生成内容 --- 、语言语法（中
2026-04-25 10:49:54 - INFO - __main__:50 - 前端响应内容: {"answer": "、语言语法（中", "sources": [], "is_end": false}
2026-04-25 10:49:54 - INFO - app.api.routes:110 - 事件类型: on_chat_model_stream
2026-04-25 10:49:54 - INFO - app.api.routes:114 - 返回内容：content='/英/多' additional_kwargs={} response_metadata={} id='run--019dc28b-26a1-7a91-87c2-0b3b9bfdc777'
2026-04-25 10:49:54 - INFO - __main__:50 - 前端响应内容: {"answer": "/英/多", "sources": [], "is_end": false}
2026-04-25 10:49:54 - INFO - app.api.routes:110 - 事件类型: on_chat_model_stream
2026-04-25 10:49:54 - INFO - app.api.routes:114 - 返回内容：content='语种）；提供解' additional_kwargs={} response_metadata={} id='run--019dc28b-26a1-7a91-87c2-0b3b9bfdc777'
2026-04-25 10:49:54 - INFO - app.core.graph:94 - --- 流式生成内容 --- 语种）；提供解
"sources": [], "is_end": false}
2026-04-25 10:49:55 - INFO - app.api.routes:110 - 事件类型: on_chat_model_stream
2026-04-25 10:49:55 - INFO - app.api.routes:114 - 返回内容：content='题思路、例题解析' additional_kwargs={} response_metadata={} id='run--019dc28b-26a1-7a91-87c2-0b3b9bfdc777'
2026-04-25 10:49:55 - INFO - app.core.graph:94 - --- 流式生成内容 --- 题思路、例题解析
2026-04-25 10:49:55 - INFO - __main__:50 - 前端响应内容: {"answer": "题思路、例题解析", "sources": [], "is_end": false}
2026-04-25 10:49:55 - INFO - app.api.routes:110 - 事件类型: on_chat_model_stream
2026-04-25 10:49:55 - INFO - app.api.routes:114 - 返回内容：content='、学习方法建议' additional_kwargs={} response_metadata={} id='run--019dc28b-26a1-7a91-87c2-0b3b9bfdc777'
2026-04-25 10:49:55 - INFO - __main__:50 - 前端响应内容: {"answer": "、学习方法建议", "sources": [], "is_end": false}
2026-04-25 10:49:55 - INFO - app.core.graph:94 - --- 流式生成内容 --- 、学习方法建议
2026-04-25 10:49:55 - INFO - app.api.routes:110 - 事件类型: on_chat_model_stream
2026-04-25 10:49:55 - INFO - app.api.routes:114 - 返回内容：content='。\n\n✅ **内容' additional_kwargs={} response_metadata={} id='run--019dc28b-26a1-7a91-87c2-0b3b9bfdc777'
2026-04-25 10:49:55 - INFO - __main__:50 - 前端响应内容: {"answer": "。\n\n✅ **内容", "sources": [], "is_end": false}
2026-04-25 10:49:55 - INFO - app.api.routes:110 - 事件类型: on_chat_model_stream
2026-04-25 10:49:55 - INFO - app.api.routes:114 - 返回内容：content='创作**：帮你' additional_kwargs={} response_metadata={} id='run--019dc28b-26a1-7a91-87c2-0b3b9bfdc777'
2026-04-25 10:49:55 - INFO - app.core.graph:94 - --- 流式生成内容 --- 创作**：帮你
"sources": [], "is_end": false}
2026-04-25 10:49:55 - INFO - app.api.routes:110 - 事件类型: on_chat_model_stream
2026-04-25 10:49:55 - INFO - app.api.routes:114 - 返回内容：content='撰写/润色邮件' additional_kwargs={} response_metadata={} id='run--019dc28b-26a1-7a91-87c2-0b3b9bfdc777'
2026-04-25 10:49:55 - INFO - __main__:50 - 前端响应内容: {"answer": "撰写/润色邮件", "sources": [], "is_end": false}
2026-04-25 10:49:55 - INFO - app.api.routes:110 - 事件类型: on_chat_model_stream
2026-04-25 10:49:55 - INFO - app.api.routes:114 - 返回内容：content='、简历、演讲' additional_kwargs={} response_metadata={} id='run--019dc28b-26a1-7a91-87c2-0b3b9bfdc777'
2026-04-25 10:49:55 - INFO - __main__:50 - 前端响应内容: {"answer": "、简历、演讲", "sources": [], "is_end": false}
2026-04-25 10:49:55 - INFO - app.api.routes:110 - 事件类型: on_chat_model_stream
2026-04-25 10:49:55 - INFO - app.api.routes:114 - 返回内容：content='稿、文案、诗歌' additional_kwargs={} response_metadata={} id='run--019dc28b-26a1-7a91-87c2-0b3b9bfdc777'
2026-04-25 10:49:55 - INFO - __main__:50 - 前端响应内容: {"answer": "稿、文案、诗歌", "sources": [], "is_end": false}
2026-04-25 10:49:55 - INFO - app.api.routes:110 - 事件类型: on_chat_model_stream
2026-04-25 10:49:55 - INFO - app.api.routes:114 - 返回内容：content='、故事、公' additional_kwargs={} response_metadata={} id='run--019dc28b-26a1-7a91-87c2-0b3b9bfdc777'
2026-04-25 10:49:55 - INFO - app.core.graph:94 - --- 流式生成内容 --- 、故事、公
2026-04-25 10:49:55 - INFO - __main__:50 - 前端响应内容: {"answer": "、故事、公", "sources": [], "is_end": false}
2026-04-25 10:49:55 - INFO - app.api.routes:110 - 事件类型: on_chat_model_stream
2026-04-25 10:49:55 - INFO - app.api.routes:114 - 返回内容：content='文、社交媒体内容' additional_kwargs={} response_metadata={} id='run--019dc28b-26a1-7a91-87c2-0b3b9bfdc777'
2026-04-25 10:49:55 - INFO - __main__:50 - 前端响应内容: {"answer": "文、社交媒体内容", "sources": [], "is_end": false}
2026-04-25 10:49:55 - INFO - app.api.routes:110 - 事件类型: on_chat_model_stream
2026-04-25 10:49:55 - INFO - app.api.routes:114 - 返回内容：content='等，支持不同' additional_kwargs={} response_metadata={} id='run--019dc28b-26a1-7a91-87c2-0b3b9bfdc777'
2026-04-25 10:49:55 - INFO - __main__:50 - 前端响应内容: {"answer": "等，支持不同", "sources": [], "is_end": false}
2026-04-25 10:49:55 - INFO - app.core.graph:94 - --- 流式生成内容 --- 等，支持不同
2026-04-25 10:49:56 - INFO - app.api.routes:110 - 事件类型: on_chat_model_stream
2026-04-25 10:49:56 - INFO - app.api.routes:114 - 返回内容：content='风格（专业、简洁、' additional_kwargs={} response_metadata={} id='run--019dc28b-26a1-7a91-87c2-0b3b9bfdc777'
2026-04-25 10:49:56 - INFO - app.core.graph:94 - --- 流式生成内容 --- 风格（专业、简洁、
"sources": [], "is_end": false}
2026-04-25 10:49:56 - INFO - app.api.routes:110 - 事件类型: on_chat_model_stream
2026-04-25 10:49:56 - INFO - app.api.routes:114 - 返回内容：content='幽默、正式等' additional_kwargs={} response_metadata={} id='run--019dc28b-26a1-7a91-87c2-0b3b9bfdc777'
2026-04-25 10:49:56 - INFO - app.core.graph:94 - --- 流式生成内容 --- 幽默、正式等
2026-04-25 10:49:56 - INFO - __main__:50 - 前端响应内容: {"answer": "幽默、正式等", "sources": [], "is_end": false}
2026-04-25 10:49:56 - INFO - app.api.routes:110 - 事件类型: on_chat_model_stream
2026-04-25 10:49:56 - INFO - app.api.routes:114 - 返回内容：content='）。\n\n✅ **编程' additional_kwargs={} response_metadata={} id='run--019dc28b-26a1-7a91-87c2-0b3b9bfdc777'
2026-04-25 10:49:56 - INFO - app.core.graph:94 - --- 流式生成内容 --- ）。

✅ **编程
2026-04-25 10:49:56 - INFO - __main__:50 - 前端响应内容: {"answer": "）。\n\n✅ **编程", "sources": [], "is_end": false}
2026-04-25 10:49:56 - INFO - app.api.routes:110 - 事件类型: on_chat_model_stream
2026-04-25 10:49:56 - INFO - app.api.routes:114 - 返回内容：content='支持**：解释' additional_kwargs={} response_metadata={} id='run--019dc28b-26a1-7a91-87c2-0b3b9bfdc777'
2026-04-25 10:49:56 - INFO - app.core.graph:94 - --- 流式生成内容 --- 支持**：解释
2026-04-25 10:49:56 - INFO - __main__:50 - 前端响应内容: {"answer": "支持**：解释", "sources": [], "is_end": false}
2026-04-25 10:49:56 - INFO - app.api.routes:110 - 事件类型: on_chat_model_stream
2026-04-25 10:49:56 - INFO - app.api.routes:114 - 返回内容：content='代码原理、调试' additional_kwargs={} response_metadata={} id='run--019dc28b-26a1-7a91-87c2-0b3b9bfdc777'
2026-04-25 10:49:56 - INFO - app.core.graph:94 - --- 流式生成内容 --- 代码原理、调试
"sources": [], "is_end": false}
2026-04-25 10:49:56 - INFO - app.api.routes:110 - 事件类型: on_chat_model_stream
2026-04-25 10:49:56 - INFO - app.api.routes:114 - 返回内容：content='错误、生成示' additional_kwargs={} response_metadata={} id='run--019dc28b-26a1-7a91-87c2-0b3b9bfdc777'
2026-04-25 10:49:56 - INFO - __main__:50 - 前端响应内容: {"answer": "错误、生成示", "sources": [], "is_end": false}
2026-04-25 10:49:56 - INFO - app.core.graph:94 - --- 流式生成内容 --- 错误、生成示
2026-04-25 10:49:56 - INFO - app.api.routes:110 - 事件类型: on_chat_model_stream
2026-04-25 10:49:56 - INFO - app.api.routes:114 - 返回内容：content='例（Python/' additional_kwargs={} response_metadata={} id='run--019dc28b-26a1-7a91-87c2-0b3b9bfdc777'
2026-04-25 10:49:56 - INFO - app.core.graph:94 - --- 流式生成内容 --- 例（Python/
"sources": [], "is_end": false}
2026-04-25 10:49:56 - INFO - app.api.routes:110 - 事件类型: on_chat_model_stream
2026-04-25 10:49:56 - INFO - app.api.routes:114 - 返回内容：content='Java/JavaScript/C' additional_kwargs={} response_metadata={} id='run--019dc28b-26a1-7a91-87c2-0b3b9bfdc777'
2026-04-25 10:49:56 - INFO - app.core.graph:94 - --- 流式生成内容 --- Java/JavaScript/C
2026-04-25 10:49:56 - INFO - __main__:50 - 前端响应内容: {"answer": "Java/JavaScript/C", "sources": [], "is_end": false}
2026-04-25 10:49:56 - INFO - app.api.routes:110 - 事件类型: on_chat_model_stream
2026-04-25 10:49:56 - INFO - app.api.routes:114 - 返回内容：content='++等主流语言）、' additional_kwargs={} response_metadata={} id='run--019dc28b-26a1-7a91-87c2-0b3b9bfdc777'
2026-04-25 10:49:56 - INFO - app.core.graph:94 - --- 流式生成内容 --- ++等主流语言）、
"sources": [], "is_end": false}
2026-04-25 10:49:56 - INFO - app.api.routes:110 - 事件类型: on_chat_model_stream
2026-04-25 10:49:56 - INFO - app.api.routes:114 - 返回内容：content='优化算法、写' additional_kwargs={} response_metadata={} id='run--019dc28b-26a1-7a91-87c2-0b3b9bfdc777'
2026-04-25 10:49:56 - INFO - app.core.graph:94 - --- 流式生成内容 --- 优化算法、写
2026-04-25 10:49:56 - INFO - __main__:50 - 前端响应内容: {"answer": "优化算法、写", "sources": [], "is_end": false}
2026-04-25 10:49:57 - INFO - app.api.routes:110 - 事件类型: on_chat_model_stream
2026-04-25 10:49:57 - INFO - app.api.routes:114 - 返回内容：content='注释或文档' additional_kwargs={} response_metadata={} id='run--019dc28b-26a1-7a91-87c2-0b3b9bfdc777'
2026-04-25 10:49:57 - INFO - __main__:50 - 前端响应内容: {"answer": "注释或文档", "sources": [], "is_end": false}
2026-04-25 10:49:57 - INFO - app.core.graph:94 - --- 流式生成内容 --- 注释或文档
2026-04-25 10:49:57 - INFO - app.api.routes:110 - 事件类型: on_chat_model_stream
2026-04-25 10:49:57 - INFO - app.api.routes:114 - 返回内容：content='。\n\n✅ **逻辑' additional_kwargs={} response_metadata={} id='run--019dc28b-26a1-7a91-87c2-0b3b9bfdc777'
2026-04-25 10:49:57 - INFO - __main__:50 - 前端响应内容: {"answer": "。\n\n✅ **逻辑", "sources": [], "is_end": false}
2026-04-25 10:49:57 - INFO - app.core.graph:94 - --- 流式生成内容 --- 。

✅ **逻辑
2026-04-25 10:49:57 - INFO - app.api.routes:110 - 事件类型: on_chat_model_stream
2026-04-25 10:49:57 - INFO - app.api.routes:114 - 返回内容：content='与思维协助**：帮你' additional_kwargs={} response_metadata={} id='run--019dc28b-26a1-7a91-87c2-0b3b9bfdc777'
2026-04-25 10:49:57 - INFO - __main__:50 - 前端响应内容: {"answer": "与思维协助**：帮你", "sources": [], "is_end": false}
2026-04-25 10:49:57 - INFO - app.api.routes:110 - 事件类型: on_chat_model_stream
2026-04-25 10:49:57 - INFO - app.api.routes:114 - 返回内容：content='分析问题、制定' additional_kwargs={} response_metadata={} id='run--019dc28b-26a1-7a91-87c2-0b3b9bfdc777'
2026-04-25 10:49:57 - INFO - app.core.graph:94 - --- 流式生成内容 --- 分析问题、制定
"sources": [], "is_end": false}
2026-04-25 10:49:57 - INFO - app.api.routes:110 - 事件类型: on_chat_model_stream
2026-04-25 10:49:57 - INFO - app.api.routes:114 - 返回内容：content='计划（如学习' additional_kwargs={} response_metadata={} id='run--019dc28b-26a1-7a91-87c2-0b3b9bfdc777'
2026-04-25 10:49:57 - INFO - app.core.graph:94 - --- 流式生成内容 --- 计划（如学习
2026-04-25 10:49:57 - INFO - __main__:50 - 前端响应内容: {"answer": "计划（如学习", "sources": [], "is_end": false}
2026-04-25 10:49:57 - INFO - app.api.routes:110 - 事件类型: on_chat_model_stream
2026-04-25 10:49:57 - INFO - app.api.routes:114 - 返回内容：content='计划、项目步骤' additional_kwargs={} response_metadata={} id='run--019dc28b-26a1-7a91-87c2-0b3b9bfdc777'
2026-04-25 10:49:57 - INFO - __main__:50 - 前端响应内容: {"answer": "计划、项目步骤", "sources": [], "is_end": false}
2026-04-25 10:49:57 - INFO - app.api.routes:110 - 事件类型: on_chat_model_stream
2026-04-25 10:49:57 - INFO - app.api.routes:114 - 返回内容：content='）、做决策对比' additional_kwargs={} response_metadata={} id='run--019dc28b-26a1-7a91-87c2-0b3b9bfdc777'
2026-04-25 10:49:57 - INFO - __main__:50 - 前端响应内容: {"answer": "）、做决策对比", "sources": [], "is_end": false}
2026-04-25 10:49:57 - INFO - app.core.graph:94 - --- 流式生成内容 --- ）、做决策对比
2026-04-25 10:49:57 - INFO - app.api.routes:110 - 事件类型: on_chat_model_stream
2026-04-25 10:49:57 - INFO - app.api.routes:114 - 返回内容：content='（利弊分析）、' additional_kwargs={} response_metadata={} id='run--019dc28b-26a1-7a91-87c2-0b3b9bfdc777'
2026-04-25 10:49:57 - INFO - __main__:50 - 前端响应内容: {"answer": "（利弊分析）、", "sources": [], "is_end": false}
2026-04-25 10:49:57 - INFO - app.core.graph:94 - --- 流式生成内容 --- （利弊分析）、
2026-04-25 10:49:57 - INFO - app.api.routes:110 - 事件类型: on_chat_model_stream
2026-04-25 10:49:57 - INFO - app.api.routes:114 - 返回内容：content='整理笔记或会议' additional_kwargs={} response_metadata={} id='run--019dc28b-26a1-7a91-87c2-0b3b9bfdc777'
2026-04-25 10:49:57 - INFO - app.core.graph:94 - --- 流式生成内容 --- 整理笔记或会议
"sources": [], "is_end": false}
2026-04-25 10:49:57 - INFO - app.api.routes:110 - 事件类型: on_chat_model_stream
2026-04-25 10:49:57 - INFO - app.api.routes:114 - 返回内容：content='纪要。\n\n✅ **语言' additional_kwargs={} response_metadata={} id='run--019dc28b-26a1-7a91-87c2-0b3b9bfdc777'
2026-04-25 10:49:57 - INFO - __main__:50 - 前端响应内容: {"answer": "纪要。\n\n✅ **语言", "sources": [], "is_end": false}
2026-04-25 10:49:57 - INFO - app.core.graph:94 - --- 流式生成内容 --- 纪要。

✅ **语言
2026-04-25 10:49:57 - INFO - app.api.routes:110 - 事件类型: on_chat_model_stream
2026-04-25 10:49:57 - INFO - app.api.routes:114 - 返回内容：content='服务**：中' additional_kwargs={} response_metadata={} id='run--019dc28b-26a1-7a91-87c2-0b3b9bfdc777'
2026-04-25 10:49:57 - INFO - __main__:50 - 前端响应内容: {"answer": "服务**：中", "sources": [], "is_end": false}
2026-04-25 10:49:58 - INFO - app.api.routes:110 - 事件类型: on_chat_model_stream
2026-04-25 10:49:58 - INFO - app.api.routes:114 - 返回内容：content='英文互译（' additional_kwargs={} response_metadata={} id='run--019dc28b-26a1-7a91-87c2-0b3b9bfdc777'
2026-04-25 10:49:58 - INFO - __main__:50 - 前端响应内容: {"answer": "英文互译（", "sources": [], "is_end": false}
2026-04-25 10:49:58 - INFO - app.core.graph:94 - --- 流式生成内容 --- 英文互译（
2026-04-25 10:49:58 - INFO - app.api.routes:110 - 事件类型: on_chat_model_stream
2026-04-25 10:49:58 - INFO - app.api.routes:114 - 返回内容：content='注重语境与自然' additional_kwargs={} response_metadata={} id='run--019dc28b-26a1-7a91-87c2-0b3b9bfdc777'
2026-04-25 10:49:58 - INFO - __main__:50 - 前端响应内容: {"answer": "注重语境与自然", "sources": [], "is_end": false}
2026-04-25 10:49:58 - INFO - app.api.routes:110 - 事件类型: on_chat_model_stream
2026-04-25 10:49:58 - INFO - app.api.routes:114 - 返回内容：content='表达）、润色外' additional_kwargs={} response_metadata={} id='run--019dc28b-26a1-7a91-87c2-0b3b9bfdc777'
2026-04-25 10:49:58 - INFO - app.core.graph:94 - --- 流式生成内容 --- 表达）、润色外
"sources": [], "is_end": false}
2026-04-25 10:49:58 - INFO - app.api.routes:110 - 事件类型: on_chat_model_stream
2026-04-25 10:49:58 - INFO - app.api.routes:114 - 返回内容：content='文写作、纠正' additional_kwargs={} response_metadata={} id='run--019dc28b-26a1-7a91-87c2-0b3b9bfdc777'
2026-04-25 10:49:58 - INFO - app.core.graph:94 - --- 流式生成内容 --- 文写作、纠正
"sources": [], "is_end": false}
2026-04-25 10:49:58 - INFO - app.api.routes:110 - 事件类型: on_chat_model_stream
2026-04-25 10:49:58 - INFO - app.api.routes:114 - 返回内容：content='语法/用词' additional_kwargs={} response_metadata={} id='run--019dc28b-26a1-7a91-87c2-0b3b9bfdc777'
2026-04-25 10:49:58 - INFO - app.core.graph:94 - --- 流式生成内容 --- 语法/用词
2026-04-25 10:49:58 - INFO - __main__:50 - 前端响应内容: {"answer": "语法/用词", "sources": [], "is_end": false}
2026-04-25 10:49:58 - INFO - app.api.routes:110 - 事件类型: on_chat_model_stream
2026-04-25 10:49:58 - INFO - app.api.routes:114 - 返回内容：content='、练习对话表达' additional_kwargs={} response_metadata={} id='run--019dc28b-26a1-7a91-87c2-0b3b9bfdc777'
2026-04-25 10:49:58 - INFO - app.core.graph:94 - --- 流式生成内容 --- 、练习对话表达
2026-04-25 10:49:58 - INFO - __main__:50 - 前端响应内容: {"answer": "、练习对话表达", "sources": [], "is_end": false}
2026-04-25 10:49:58 - INFO - app.api.routes:110 - 事件类型: on_chat_model_stream
2026-04-25 10:49:58 - INFO - app.api.routes:114 - 返回内容：content='。\n\n✅ **日常' additional_kwargs={} response_metadata={} id='run--019dc28b-26a1-7a91-87c2-0b3b9bfdc777'
2026-04-25 10:49:58 - INFO - __main__:50 - 前端响应内容: {"answer": "。\n\n✅ **日常", "sources": [], "is_end": false}
2026-04-25 10:49:58 - INFO - app.api.routes:110 - 事件类型: on_chat_model_stream
2026-04-25 10:49:58 - INFO - app.api.routes:114 - 返回内容：content='实用工具**：单位' additional_kwargs={} response_metadata={} id='run--019dc28b-26a1-7a91-87c2-0b3b9bfdc777'
2026-04-25 10:49:58 - INFO - __main__:50 - 前端响应内容: {"answer": "实用工具**：单位", "sources": [], "is_end": false}
2026-04-25 10:49:58 - INFO - app.api.routes:110 - 事件类型: on_chat_model_stream
2026-04-25 10:49:58 - INFO - app.api.routes:114 - 返回内容：content='换算、日期' additional_kwargs={} response_metadata={} id='run--019dc28b-26a1-7a91-87c2-0b3b9bfdc777'
2026-04-25 10:49:58 - INFO - __main__:50 - 前端响应内容: {"answer": "换算、日期", "sources": [], "is_end": false}
2026-04-25 10:49:58 - INFO - app.core.graph:94 - --- 流式生成内容 --- 换算、日期
2026-04-25 10:49:58 - INFO - app.api.routes:110 - 事件类型: on_chat_model_stream
2026-04-25 10:49:58 - INFO - app.api.routes:114 - 返回内容：content='计算、简单数学' additional_kwargs={} response_metadata={} id='run--019dc28b-26a1-7a91-87c2-0b3b9bfdc777'
2026-04-25 10:49:58 - INFO - app.core.graph:94 - --- 流式生成内容 --- 计算、简单数学
2026-04-25 10:49:58 - INFO - __main__:50 - 前端响应内容: {"answer": "计算、简单数学", "sources": [], "is_end": false}
2026-04-25 10:49:59 - INFO - app.api.routes:110 - 事件类型: on_chat_model_stream
2026-04-25 10:49:59 - INFO - app.api.routes:114 - 返回内容：content='运算、生成待' additional_kwargs={} response_metadata={} id='run--019dc28b-26a1-7a91-87c2-0b3b9bfdc777'
2026-04-25 10:49:59 - INFO - __main__:50 - 前端响应内容: {"answer": "运算、生成待", "sources": [], "is_end": false}
2026-04-25 10:49:59 - INFO - app.core.graph:94 - --- 流式生成内容 --- 运算、生成待
2026-04-25 10:49:59 - INFO - app.api.routes:110 - 事件类型: on_chat_model_stream
2026-04-25 10:49:59 - INFO - app.api.routes:114 - 返回内容：content='办清单、设定' additional_kwargs={} response_metadata={} id='run--019dc28b-26a1-7a91-87c2-0b3b9bfdc777'
2026-04-25 10:49:59 - INFO - __main__:50 - 前端响应内容: {"answer": "办清单、设定", "sources": [], "is_end": false}
2026-04-25 10:49:59 - INFO - app.api.routes:110 - 事件类型: on_chat_model_stream
2026-04-25 10:49:59 - INFO - app.api.routes:114 - 返回内容：content='提醒建议、推荐' additional_kwargs={} response_metadata={} id='run--019dc28b-26a1-7a91-87c2-0b3b9bfdc777'
2026-04-25 10:49:59 - INFO - __main__:50 - 前端响应内容: {"answer": "提醒建议、推荐", "sources": [], "is_end": false}
2026-04-25 10:49:59 - INFO - app.api.routes:110 - 事件类型: on_chat_model_stream
2026-04-25 10:49:59 - INFO - app.api.routes:114 - 返回内容：content='书单/电影/' additional_kwargs={} response_metadata={} id='run--019dc28b-26a1-7a91-87c2-0b3b9bfdc777'
2026-04-25 10:49:59 - INFO - app.core.graph:94 - --- 流式生成内容 --- 书单/电影/
"sources": [], "is_end": false}
2026-04-25 10:49:59 - INFO - app.api.routes:110 - 事件类型: on_chat_model_stream
2026-04-25 10:49:59 - INFO - app.api.routes:114 - 返回内容：content='学习资源等。\n\n' additional_kwargs={} response_metadata={} id='run--019dc28b-26a1-7a91-87c2-0b3b9bfdc777'
2026-04-25 10:49:59 - INFO - app.core.graph:94 - --- 流式生成内容 --- 学习资源等。


"sources": [], "is_end": false}
2026-04-25 10:49:59 - INFO - app.api.routes:110 - 事件类型: on_chat_model_stream
2026-04-25 10:49:59 - INFO - app.api.routes:114 - 返回内容：content='⚠️ 温馨提示' additional_kwargs={} response_metadata={} id='run--019dc28b-26a1-7a91-87c2-0b3b9bfdc777'
2026-04-25 10:49:59 - INFO - __main__:50 - 前端响应内容: {"answer": "⚠️ 温馨提示", "sources": [], "is_end": false}
2026-04-25 10:49:59 - INFO - app.api.routes:110 - 事件类型: on_chat_model_stream
2026-04-25 10:49:59 - INFO - app.api.routes:114 - 返回内容：content='：  \n- 我不' additional_kwargs={} response_metadata={} id='run--019dc28b-26a1-7a91-87c2-0b3b9bfdc777'
2026-04-25 10:49:59 - INFO - __main__:50 - 前端响应内容: {"answer": "：  \n- 我不", "sources": [], "is_end": false}
2026-04-25 10:49:59 - INFO - app.api.routes:110 - 事件类型: on_chat_model_stream
2026-04-25 10:49:59 - INFO - app.api.routes:114 - 返回内容：content='接入实时网络，因此' additional_kwargs={} response_metadata={} id='run--019dc28b-26a1-7a91-87c2-0b3b9bfdc777'
2026-04-25 10:49:59 - INFO - app.core.graph:94 - --- 流式生成内容 --- 接入实时网络，因此
"sources": [], "is_end": false}
2026-04-25 10:49:59 - INFO - app.api.routes:110 - 事件类型: on_chat_model_stream
2026-04-25 10:49:59 - INFO - app.api.routes:114 - 返回内容：content='无法提供最新新闻' additional_kwargs={} response_metadata={} id='run--019dc28b-26a1-7a91-87c2-0b3b9bfdc777'
2026-04-25 10:49:59 - INFO - __main__:50 - 前端响应内容: {"answer": "无法提供最新新闻", "sources": [], "is_end": false}
2026-04-25 10:49:59 - INFO - app.api.routes:110 - 事件类型: on_chat_model_stream
2026-04-25 10:49:59 - INFO - app.api.routes:114 - 返回内容：content='、股票行情、天气' additional_kwargs={} response_metadata={} id='run--019dc28b-26a1-7a91-87c2-0b3b9bfdc777'
2026-04-25 10:49:59 - INFO - app.core.graph:94 - --- 流式生成内容 --- 、股票行情、天气
2026-04-25 10:49:59 - INFO - __main__:50 - 前端响应内容: {"answer": "、股票行情、天气", "sources": [], "is_end": false}
2026-04-25 10:50:00 - INFO - app.api.routes:110 - 事件类型: on_chat_model_stream
2026-04-25 10:50:00 - INFO - app.api.routes:114 - 返回内容：content='预报或未公开' additional_kwargs={} response_metadata={} id='run--019dc28b-26a1-7a91-87c2-0b3b9bfdc777'
2026-04-25 10:50:00 - INFO - app.core.graph:94 - --- 流式生成内容 --- 预报或未公开
2026-04-25 10:50:00 - INFO - __main__:50 - 前端响应内容: {"answer": "预报或未公开", "sources": [], "is_end": false}
2026-04-25 10:50:00 - INFO - app.api.routes:110 - 事件类型: on_chat_model_stream
2026-04-25 10:50:00 - INFO - app.api.routes:114 - 返回内容：content='的私人数据；' additional_kwargs={} response_metadata={} id='run--019dc28b-26a1-7a91-87c2-0b3b9bfdc777'
2026-04-25 10:50:00 - INFO - app.core.graph:94 - --- 流式生成内容 --- 的私人数据；
"sources": [], "is_end": false}
2026-04-25 10:50:00 - INFO - app.api.routes:110 - 事件类型: on_chat_model_stream
2026-04-25 10:50:00 - INFO - app.api.routes:114 - 返回内容：content='  \n- 涉及' additional_kwargs={} response_metadata={} id='run--019dc28b-26a1-7a91-87c2-0b3b9bfdc777'
2026-04-25 10:50:00 - INFO - app.core.graph:94 - --- 流式生成内容 ---   
- 涉及
"sources": [], "is_end": false}
2026-04-25 10:50:00 - INFO - app.api.routes:110 - 事件类型: on_chat_model_stream
2026-04-25 10:50:00 - INFO - app.api.routes:114 - 返回内容：content='医疗、法律、' additional_kwargs={} response_metadata={} id='run--019dc28b-26a1-7a91-87c2-0b3b9bfdc777'
2026-04-25 10:50:00 - INFO - __main__:50 - 前端响应内容: {"answer": "医疗、法律、", "sources": [], "is_end": false}
2026-04-25 10:50:00 - INFO - app.api.routes:110 - 事件类型: on_chat_model_stream
2026-04-25 10:50:00 - INFO - app.api.routes:114 - 返回内容：content='金融等专业领域时' additional_kwargs={} response_metadata={} id='run--019dc28b-26a1-7a91-87c2-0b3b9bfdc777'
2026-04-25 10:50:00 - INFO - app.core.graph:94 - --- 流式生成内容 --- 金融等专业领域时
"sources": [], "is_end": false}
2026-04-25 10:50:00 - INFO - app.api.routes:110 - 事件类型: on_chat_model_stream
2026-04-25 10:50:00 - INFO - app.api.routes:114 - 返回内容：content='，我会明确说明“' additional_kwargs={} response_metadata={} id='run--019dc28b-26a1-7a91-87c2-0b3b9bfdc777'
2026-04-25 10:50:00 - INFO - app.core.graph:94 - --- 流式生成内容 --- ，我会明确说明“
"sources": [], "is_end": false}
2026-04-25 10:50:00 - INFO - app.api.routes:110 - 事件类型: on_chat_model_stream
2026-04-25 10:50:00 - INFO - app.api.routes:114 - 返回内容：content='仅供参考，不能替代专业咨询' additional_kwargs={} response_metadata={} id='run--019dc28b-26a1-7a91-87c2-0b3b9bfdc777'
2026-04-25 10:50:00 - INFO - app.core.graph:94 - --- 流式生成内容 --- 仅供参考，不能替代专业咨询
2026-04-25 10:50:00 - INFO - __main__:50 - 前端响应内容: {"answer": "仅供参考，不能替代专业咨询", "sources": [], "is_end": false}
2026-04-25 10:50:00 - INFO - app.api.routes:110 - 事件类型: on_chat_model_stream
2026-04-25 10:50:00 - INFO - app.api.routes:114 - 返回内容：content='”；  \n-' additional_kwargs={} response_metadata={} id='run--019dc28b-26a1-7a91-87c2-0b3b9bfdc777'
2026-04-25 10:50:00 - INFO - app.core.graph:94 - --- 流式生成内容 --- ”；  
-
2026-04-25 10:50:00 - INFO - __main__:50 - 前端响应内容: {"answer": "”；  \n-", "sources": [], "is_end": false}
2026-04-25 10:50:00 - INFO - app.api.routes:110 - 事件类型: on_chat_model_stream
2026-04-25 10:50:00 - INFO - app.api.routes:114 - 返回内容：content=' 所有回答均' additional_kwargs={} response_metadata={} id='run--019dc28b-26a1-7a91-87c2-0b3b9bfdc777'
2026-04-25 10:50:00 - INFO - app.core.graph:94 - --- 流式生成内容 ---  所有回答均
"sources": [], "is_end": false}
2026-04-25 10:50:01 - INFO - app.api.routes:110 - 事件类型: on_chat_model_stream
2026-04-25 10:50:01 - INFO - app.api.routes:114 - 返回内容：content='遵守中国法规与价值观，' additional_kwargs={} response_metadata={} id='run--019dc28b-26a1-7a91-87c2-0b3b9bfdc777'
2026-04-25 10:50:01 - INFO - __main__:50 - 前端响应内容: {"answer": "遵守中国法规与价值观，", "sources": [], "is_end": false}
2026-04-25 10:50:01 - INFO - app.api.routes:110 - 事件类型: on_chat_model_stream
2026-04-25 10:50:01 - INFO - app.api.routes:114 - 返回内容：content='拒绝生成违法、' additional_kwargs={} response_metadata={} id='run--019dc28b-26a1-7a91-87c2-0b3b9bfdc777'
2026-04-25 10:50:01 - INFO - app.core.graph:94 - --- 流式生成内容 --- 拒绝生成违法、
"sources": [], "is_end": false}
2026-04-25 10:50:01 - INFO - app.api.routes:110 - 事件类型: on_chat_model_stream
2026-04-25 10:50:01 - INFO - app.api.routes:114 - 返回内容：content='有害、歧视或虚假' additional_kwargs={} response_metadata={} id='run--019dc28b-26a1-7a91-87c2-0b3b9bfdc777'
2026-04-25 10:50:01 - INFO - app.core.graph:94 - --- 流式生成内容 --- 有害、歧视或虚假
"sources": [], "is_end": false}
2026-04-25 10:50:01 - INFO - app.api.routes:110 - 事件类型: on_chat_model_stream
2026-04-25 10:50:01 - INFO - app.api.routes:114 - 返回内容：content='信息。\n\n如果你有任何' additional_kwargs={} response_metadata={} id='run--019dc28b-26a1-7a91-87c2-0b3b9bfdc777'
2026-04-25 10:50:01 - INFO - app.core.graph:94 - --- 流式生成内容 --- 信息。

如果你有任何
"sources": [], "is_end": false}
2026-04-25 10:50:01 - INFO - app.api.routes:110 - 事件类型: on_chat_model_stream
2026-04-25 10:50:01 - INFO - app.api.routes:114 - 返回内容：content='具体需求——比如“' additional_kwargs={} response_metadata={} id='run--019dc28b-26a1-7a91-87c2-0b3b9bfdc777'
2026-04-25 10:50:01 - INFO - app.core.graph:94 - --- 流式生成内容 --- 具体需求——比如“
"sources": [], "is_end": false}
2026-04-25 10:50:01 - INFO - app.api.routes:110 - 事件类型: on_chat_model_stream
2026-04-25 10:50:01 - INFO - app.api.routes:114 - 返回内容：content='帮我写一封辞职' additional_kwargs={} response_metadata={} id='run--019dc28b-26a1-7a91-87c2-0b3b9bfdc777'
2026-04-25 10:50:01 - INFO - __main__:50 - 前端响应内容: {"answer": "帮我写一封辞职", "sources": [], "is_end": false}
2026-04-25 10:50:01 - INFO - app.core.graph:94 - --- 流式生成内容 --- 帮我写一封辞职
2026-04-25 10:50:01 - INFO - app.api.routes:110 - 事件类型: on_chat_model_stream
2026-04-25 10:50:01 - INFO - app.api.routes:114 - 返回内容：content='信”“解释' additional_kwargs={} response_metadata={} id='run--019dc28b-26a1-7a91-87c2-0b3b9bfdc777'
2026-04-25 10:50:01 - INFO - app.core.graph:94 - --- 流式生成内容 --- 信”“解释
"sources": [], "is_end": false}
2026-04-25 10:50:01 - INFO - app.api.routes:110 - 事件类型: on_chat_model_stream
2026-04-25 10:50:01 - INFO - app.api.routes:114 - 返回内容：content='量子纠缠是什么”“用' additional_kwargs={} response_metadata={} id='run--019dc28b-26a1-7a91-87c2-0b3b9bfdc777'
2026-04-25 10:50:01 - INFO - __main__:50 - 前端响应内容: {"answer": "量子纠缠是什么”“用", "sources": [], "is_end": false}
2026-04-25 10:50:01 - INFO - app.api.routes:110 - 事件类型: on_chat_model_stream
2026-04-25 10:50:01 - INFO - app.api.routes:114 - 返回内容：content='Python画一个折' additional_kwargs={} response_metadata={} id='run--019dc28b-26a1-7a91-87c2-0b3b9bfdc777'
2026-04-25 10:50:01 - INFO - __main__:50 - 前端响应内容: {"answer": "Python画一个折", "sources": [], "is_end": false}
2026-04-25 10:50:01 - INFO - app.core.graph:94 - --- 流式生成内容 --- Python画一个折
2026-04-25 10:50:01 - INFO - app.api.routes:110 - 事件类型: on_chat_model_stream
2026-04-25 10:50:01 - INFO - app.api.routes:114 - 返回内容：content='线图”“今天' additional_kwargs={} response_metadata={} id='run--019dc28b-26a1-7a91-87c2-0b3b9bfdc777'
2026-04-25 10:50:01 - INFO - app.core.graph:94 - --- 流式生成内容 --- 线图”“今天
"sources": [], "is_end": false}
2026-04-25 10:50:02 - INFO - app.api.routes:110 - 事件类型: on_chat_model_stream
2026-04-25 10:50:02 - INFO - app.api.routes:114 - 返回内容：content='该学什么英语' additional_kwargs={} response_metadata={} id='run--019dc28b-26a1-7a91-87c2-0b3b9bfdc777'
2026-04-25 10:50:02 - INFO - __main__:50 - 前端响应内容: {"answer": "该学什么英语", "sources": [], "is_end": false}
2026-04-25 10:50:02 - INFO - app.core.graph:94 - --- 流式生成内容 --- 该学什么英语
2026-04-25 10:50:02 - INFO - app.api.routes:110 - 事件类型: on_chat_model_stream
2026-04-25 10:50:02 - INFO - app.api.routes:114 - 返回内容：content='？”——欢迎随时告诉我，' additional_kwargs={} response_metadata={} id='run--019dc28b-26a1-7a91-87c2-0b3b9bfdc777'
2026-04-25 10:50:02 - INFO - app.core.graph:94 - --- 流式生成内容 --- ？”——欢迎随时告诉我，
"sources": [], "is_end": false}
2026-04-25 10:50:02 - INFO - app.api.routes:110 - 事件类型: on_chat_model_stream
2026-04-25 10:50:02 - INFO - app.api.routes:114 - 返回内容：content='我立刻为你定制' additional_kwargs={} response_metadata={} id='run--019dc28b-26a1-7a91-87c2-0b3b9bfdc777'
2026-04-25 10:50:02 - INFO - app.core.graph:94 - --- 流式生成内容 --- 我立刻为你定制
2026-04-25 10:50:02 - INFO - __main__:50 - 前端响应内容: {"answer": "我立刻为你定制", "sources": [], "is_end": false}
2026-04-25 10:50:02 - INFO - app.api.routes:110 - 事件类型: on_chat_model_stream
2026-04-25 10:50:02 - INFO - app.api.routes:114 - 返回内容：content='支持！😊' additional_kwargs={} response_metadata={} id='run--019dc28b-26a1-7a91-87c2-0b3b9bfdc777'
2026-04-25 10:50:02 - INFO - __main__:50 - 前端响应内容: {"answer": "支持！😊", "sources": [], "is_end": false}
2026-04-25 10:50:02 - INFO - app.api.routes:110 - 事件类型: on_chat_model_stream
2026-04-25 10:50:02 - INFO - app.api.routes:114 - 返回内容：content='' additional_kwargs={} response_metadata={'finish_reason': 'stop', 'model_name': 'qwen-plus'} id='run--019dc28b-26a1-7a91-87c2-0b3b9bfdc777'
2026-04-25 10:50:02 - INFO - app.api.routes:110 - 事件类型: on_chat_model_end
2026-04-25 10:50:02 - INFO - app.api.routes:110 - 事件类型: on_chain_start
2026-04-25 10:50:02 - INFO - app.api.routes:110 - 事件类型: on_chain_end
2026-04-25 10:50:02 - INFO - app.api.routes:110 - 事件类型: on_chain_stream
2026-04-25 10:50:02 - INFO - app.api.routes:110 - 事件类型: on_chain_end
2026-04-25 10:50:02 - INFO - app.api.routes:110 - 事件类型: on_chain_stream
2026-04-25 10:50:02 - INFO - app.api.routes:110 - 事件类型: on_chain_end
2026-04-25 10:50:02 - INFO - __main__:50 - 前端响应内容: {"answer": "", "sources": [], "is_end": true}
2026-04-25 10:53:01 - INFO - app.core.graph:34 - --- 正在为租户 tenant_A 检索资料 ---
2026-04-25 10:53:06 - INFO - app.core.rag_engine:58 - 为租户 tenant_A 初始化 RAG 引擎
2026-04-25 10:53:06 - ERROR - app.core.rag_engine:79 - 加载向量库失败: Error in __cdecl faiss::FileIOReader::FileIOReader(const char *) at D:\a\faiss-wheels\faiss-wheels\third-party\faiss\faiss\impl\io.cpp:70: Error: 'f' failed: could not open storage\tenant_A\index\index.faiss for reading: No such file or directory
Traceback (most recent call last):
  File "D:\HJ\PythonProject\enterprise_knowledge_base\app\core\rag_engine.py", line 73, in load_vector_store
    return FAISS.load_local(
  File "E:\python\envs_dirs\py310\lib\site-packages\langchain_community\vectorstores\faiss.py", line 1205, in load_local
    index = faiss.read_index(str(path / f"{index_name}.faiss"))
  File "E:\python\envs_dirs\py310\lib\site-packages\faiss\swigfaiss_avx2.py", line 12913, in read_index
    return _swigfaiss_avx2.read_index(*args)
RuntimeError: Error in __cdecl faiss::FileIOReader::FileIOReader(const char *) at D:\a\faiss-wheels\faiss-wheels\third-party\faiss\faiss\impl\io.cpp:70: Error: 'f' failed: could not open storage\tenant_A\index\index.faiss for reading: No such file or directory
2026-04-25 10:53:06 - INFO - app.api.routes:98 - generation事件返回内容：{'retrieval': {'tenant_id': 'tenant_A', 'question': '你好', 'messages': [], 'context_docs': []}}
2026-04-25 10:53:06 - INFO - app.core.graph:51 - --- 正在生成回答 ---
2026-04-25 10:53:06 - WARNING - app.core.graph:62 - 未找到参考资料 (context_docs 为空)
2026-04-25 10:53:06 - INFO - app.core.graph:86 - 使用通用模式回答（无参考资料）
2026-04-25 10:53:07 - INFO - app.core.graph:103 - --- 流式生成内容 --- 你好
2026-04-25 10:53:07 - INFO - app.core.graph:103 - --- 流式生成内容 --- ！很高兴见到
2026-04-25 10:53:07 - INFO - app.core.graph:103 - --- 流式生成内容 --- 你～
2026-04-25 10:53:07 - INFO - app.core.graph:103 - --- 流式生成内容 --- 有什么
2026-04-25 10:53:07 - INFO - app.core.graph:103 - --- 流式生成内容 --- 问题或需要帮助
2026-04-25 10:53:07 - INFO - app.core.graph:103 - --- 流式生成内容 --- 的地方，随时告诉我哦
2026-04-25 10:53:07 - INFO - app.core.graph:103 - --- 流式生成内容 --- ！😊
2026-04-25 10:53:07 - INFO - app.core.graph:111 - --- 回答生成完成 ---
2026-04-25 10:53:07 - INFO - app.api.routes:98 - generation事件返回内容：{'generation': {'messages': [AIMessage(content='！😊', additional_kwargs={}, response_metadata={})], 'answer': '！😊'}}
2026-04-25 10:53:07 - INFO - __main__:50 - 前端响应内容: {"answer": "！😊", "sources": [], "is_end": false}
2026-04-25 10:53:07 - INFO - __main__:50 - 前端响应内容: {"answer": "", "sources": [], "is_end": true}
2026-04-25 10:54:44 - INFO - app.core.graph:34 - --- 正在为租户 tenant_A 检索资料 ---
2026-04-25 10:54:48 - INFO - app.core.rag_engine:58 - 为租户 tenant_A 初始化 RAG 引擎
2026-04-25 10:54:48 - ERROR - app.core.rag_engine:79 - 加载向量库失败: Error in __cdecl faiss::FileIOReader::FileIOReader(const char *) at D:\a\faiss-wheels\faiss-wheels\third-party\faiss\faiss\impl\io.cpp:70: Error: 'f' failed: could not open storage\tenant_A\index\index.faiss for reading: No such file or directory
Traceback (most recent call last):
  File "D:\HJ\PythonProject\enterprise_knowledge_base\app\core\rag_engine.py", line 73, in load_vector_store
    return FAISS.load_local(
  File "E:\python\envs_dirs\py310\lib\site-packages\langchain_community\vectorstores\faiss.py", line 1205, in load_local
    index = faiss.read_index(str(path / f"{index_name}.faiss"))
  File "E:\python\envs_dirs\py310\lib\site-packages\faiss\swigfaiss_avx2.py", line 12913, in read_index
    return _swigfaiss_avx2.read_index(*args)
RuntimeError: Error in __cdecl faiss::FileIOReader::FileIOReader(const char *) at D:\a\faiss-wheels\faiss-wheels\third-party\faiss\faiss\impl\io.cpp:70: Error: 'f' failed: could not open storage\tenant_A\index\index.faiss for reading: No such file or directory
2026-04-25 10:54:48 - INFO - app.api.routes:98 - generation事件返回内容：{'retrieval': {'tenant_id': 'tenant_A', 'question': '你好', 'messages': [], 'context_docs': []}}
2026-04-25 10:54:48 - INFO - app.core.graph:51 - --- 正在生成回答 ---
2026-04-25 10:54:48 - WARNING - app.core.graph:62 - 未找到参考资料 (context_docs 为空)
2026-04-25 10:54:48 - INFO - app.core.graph:86 - 使用通用模式回答（无参考资料）
2026-04-25 10:54:49 - INFO - app.core.graph:103 - --- 流式生成内容 --- 你好
2026-04-25 10:54:49 - INFO - app.core.graph:103 - --- 流式生成内容 --- ！很高兴见到
2026-04-25 10:54:49 - INFO - app.core.graph:103 - --- 流式生成内容 --- 你～
2026-04-25 10:54:49 - INFO - app.core.graph:103 - --- 流式生成内容 --- 有什么
2026-04-25 10:54:49 - INFO - app.core.graph:103 - --- 流式生成内容 --- 问题或需要帮助
2026-04-25 10:54:49 - INFO - app.core.graph:103 - --- 流式生成内容 --- 的地方，随时告诉我哦
2026-04-25 10:54:49 - INFO - app.core.graph:103 - --- 流式生成内容 --- ！😊
2026-04-25 10:54:49 - INFO - app.core.graph:112 - --- 回答生成完成 ---
2026-04-25 10:54:49 - INFO - app.api.routes:98 - generation事件返回内容：{'generation': {'messages': [AIMessage(content='你好！很高兴见到你～有什么问题或需要帮助的地方，随时告诉我哦！😊', additional_kwargs={}, response_metadata={})], 'answer': '你好！很高兴见到你～有什么问题或需要帮助的地方，随时告诉我哦！😊'}}
2026-04-25 10:54:49 - INFO - __main__:50 - 前端响应内容: {"answer": "你好！很高兴见到你～有什么问题或需要帮助的地方，随时告诉我哦！😊", "sources": [], "is_end": false}
2026-04-25 10:54:49 - INFO - __main__:50 - 前端响应内容: {"answer": "", "sources": [], "is_end": true}
2026-04-25 10:54:57 - INFO - app.core.graph:34 - --- 正在为租户 tenant_A 检索资料 ---
2026-04-25 10:54:57 - INFO - app.core.rag_engine:58 - 为租户 tenant_A 初始化 RAG 引擎
2026-04-25 10:54:57 - ERROR - app.core.rag_engine:79 - 加载向量库失败: Error in __cdecl faiss::FileIOReader::FileIOReader(const char *) at D:\a\faiss-wheels\faiss-wheels\third-party\faiss\faiss\impl\io.cpp:70: Error: 'f' failed: could not open storage\tenant_A\index\index.faiss for reading: No such file or directory
Traceback (most recent call last):
  File "D:\HJ\PythonProject\enterprise_knowledge_base\app\core\rag_engine.py", line 73, in load_vector_store
    return FAISS.load_local(
  File "E:\python\envs_dirs\py310\lib\site-packages\langchain_community\vectorstores\faiss.py", line 1205, in load_local
    index = faiss.read_index(str(path / f"{index_name}.faiss"))
  File "E:\python\envs_dirs\py310\lib\site-packages\faiss\swigfaiss_avx2.py", line 12913, in read_index
    return _swigfaiss_avx2.read_index(*args)
RuntimeError: Error in __cdecl faiss::FileIOReader::FileIOReader(const char *) at D:\a\faiss-wheels\faiss-wheels\third-party\faiss\faiss\impl\io.cpp:70: Error: 'f' failed: could not open storage\tenant_A\index\index.faiss for reading: No such file or directory
2026-04-25 10:54:57 - INFO - app.api.routes:98 - generation事件返回内容：{'retrieval': {'tenant_id': 'tenant_A', 'question': '你好', 'messages': [], 'context_docs': []}}
2026-04-25 10:54:57 - INFO - app.core.graph:51 - --- 正在生成回答 ---
2026-04-25 10:54:57 - WARNING - app.core.graph:62 - 未找到参考资料 (context_docs 为空)
2026-04-25 10:54:57 - INFO - app.core.graph:86 - 使用通用模式回答（无参考资料）
2026-04-25 10:54:57 - INFO - app.core.graph:103 - --- 流式生成内容 --- 你好
2026-04-25 10:54:57 - INFO - app.core.graph:103 - --- 流式生成内容 --- ！很高兴见到
2026-04-25 10:54:57 - INFO - app.core.graph:103 - --- 流式生成内容 --- 你～
2026-04-25 10:54:57 - INFO - app.core.graph:103 - --- 流式生成内容 --- 有什么
2026-04-25 10:54:57 - INFO - app.core.graph:103 - --- 流式生成内容 --- 问题或需要帮助
2026-04-25 10:54:57 - INFO - app.core.graph:103 - --- 流式生成内容 --- 的地方，随时告诉我哦
2026-04-25 10:54:57 - INFO - app.core.graph:103 - --- 流式生成内容 --- ！😊
2026-04-25 10:54:57 - INFO - app.core.graph:112 - --- 回答生成完成 ---
2026-04-25 10:54:57 - INFO - app.api.routes:98 - generation事件返回内容：{'generation': {'messages': [AIMessage(content='你好！很高兴见到你～有什么问题或需要帮助的地方，随时告诉我哦！😊', additional_kwargs={}, response_metadata={})], 'answer': '你好！很高兴见到你～有什么问题或需要帮助的地方，随时告诉我哦！😊'}}
2026-04-25 10:54:57 - INFO - __main__:50 - 前端响应内容: {"answer": "你好！很高兴见到你～有什么问题或需要帮助的地方，随时告诉我哦！😊", "sources": [], "is_end": false}
2026-04-25 10:54:57 - INFO - __main__:50 - 前端响应内容: {"answer": "", "sources": [], "is_end": true}
2026-04-25 10:55:02 - INFO - app.core.graph:34 - --- 正在为租户 tenant_A 检索资料 ---
2026-04-25 10:55:02 - INFO - app.core.rag_engine:58 - 为租户 tenant_A 初始化 RAG 引擎
2026-04-25 10:55:02 - ERROR - app.core.rag_engine:79 - 加载向量库失败: Error in __cdecl faiss::FileIOReader::FileIOReader(const char *) at D:\a\faiss-wheels\faiss-wheels\third-party\faiss\faiss\impl\io.cpp:70: Error: 'f' failed: could not open storage\tenant_A\index\index.faiss for reading: No such file or directory
Traceback (most recent call last):
  File "D:\HJ\PythonProject\enterprise_knowledge_base\app\core\rag_engine.py", line 73, in load_vector_store
    return FAISS.load_local(
  File "E:\python\envs_dirs\py310\lib\site-packages\langchain_community\vectorstores\faiss.py", line 1205, in load_local
    index = faiss.read_index(str(path / f"{index_name}.faiss"))
  File "E:\python\envs_dirs\py310\lib\site-packages\faiss\swigfaiss_avx2.py", line 12913, in read_index
    return _swigfaiss_avx2.read_index(*args)
RuntimeError: Error in __cdecl faiss::FileIOReader::FileIOReader(const char *) at D:\a\faiss-wheels\faiss-wheels\third-party\faiss\faiss\impl\io.cpp:70: Error: 'f' failed: could not open storage\tenant_A\index\index.faiss for reading: No such file or directory
2026-04-25 10:55:02 - INFO - app.api.routes:98 - generation事件返回内容：{'retrieval': {'tenant_id': 'tenant_A', 'question': '你好呀', 'messages': [], 'context_docs': []}}
2026-04-25 10:55:02 - INFO - app.core.graph:51 - --- 正在生成回答 ---
2026-04-25 10:55:02 - WARNING - app.core.graph:62 - 未找到参考资料 (context_docs 为空)
2026-04-25 10:55:02 - INFO - app.core.graph:86 - 使用通用模式回答（无参考资料）
2026-04-25 10:55:02 - INFO - app.core.graph:103 - --- 流式生成内容 --- 你好
2026-04-25 10:55:02 - INFO - app.core.graph:103 - --- 流式生成内容 --- 呀！很高兴
2026-04-25 10:55:02 - INFO - app.core.graph:103 - --- 流式生成内容 --- 见到你～
2026-04-25 10:55:02 - INFO - app.core.graph:103 - --- 流式生成内容 --- 😊
2026-04-25 10:55:03 - INFO - app.core.graph:103 - --- 流式生成内容 ---   
有什么问题、想法
2026-04-25 10:55:03 - INFO - app.core.graph:103 - --- 流式生成内容 --- ，或者需要帮忙
2026-04-25 10:55:03 - INFO - app.core.graph:103 - --- 流式生成内容 --- 的地方，随时告诉我
2026-04-25 10:55:03 - INFO - app.core.graph:103 - --- 流式生成内容 --- 哦！
2026-04-25 10:55:03 - INFO - app.core.graph:112 - --- 回答生成完成 ---
2026-04-25 10:55:03 - INFO - app.api.routes:98 - generation事件返回内容：{'generation': {'messages': [AIMessage(content='你好呀！很高兴见到你～😊  \n有什么问题、想法，或者需要帮忙的地方，随时告诉我哦！', additional_kwargs={}, response_metadata={})], 'answer': '你好呀！很高兴见到你～😊  \n有什么问题、想法，或者需要帮忙的地方，随时告诉我哦！'}}
2026-04-25 10:55:03 - INFO - __main__:50 - 前端响应内容: {"answer": "你好呀！很高兴见到你～😊  \n有什么问题、想法，或者需要帮忙的地方，随时告诉我哦！", "sources": [], "is_end": false}
2026-04-25 10:55:03 - INFO - __main__:50 - 前端响应内容: {"answer": "", "sources": [], "is_end": true}
2026-04-25 10:55:13 - INFO - app.core.graph:34 - --- 正在为租户 tenant_A 检索资料 ---
2026-04-25 10:55:14 - INFO - app.core.rag_engine:58 - 为租户 tenant_A 初始化 RAG 引擎
2026-04-25 10:55:14 - ERROR - app.core.rag_engine:79 - 加载向量库失败: Error in __cdecl faiss::FileIOReader::FileIOReader(const char *) at D:\a\faiss-wheels\faiss-wheels\third-party\faiss\faiss\impl\io.cpp:70: Error: 'f' failed: could not open storage\tenant_A\index\index.faiss for reading: No such file or directory
Traceback (most recent call last):
  File "D:\HJ\PythonProject\enterprise_knowledge_base\app\core\rag_engine.py", line 73, in load_vector_store
    return FAISS.load_local(
  File "E:\python\envs_dirs\py310\lib\site-packages\langchain_community\vectorstores\faiss.py", line 1205, in load_local
    index = faiss.read_index(str(path / f"{index_name}.faiss"))
  File "E:\python\envs_dirs\py310\lib\site-packages\faiss\swigfaiss_avx2.py", line 12913, in read_index
    return _swigfaiss_avx2.read_index(*args)
RuntimeError: Error in __cdecl faiss::FileIOReader::FileIOReader(const char *) at D:\a\faiss-wheels\faiss-wheels\third-party\faiss\faiss\impl\io.cpp:70: Error: 'f' failed: could not open storage\tenant_A\index\index.faiss for reading: No such file or directory
2026-04-25 10:55:14 - INFO - app.api.routes:98 - generation事件返回内容：{'retrieval': {'tenant_id': 'tenant_A', 'question': '你能为我做什么', 'messages': [], 'context_docs': []}}
2026-04-25 10:55:14 - INFO - app.core.graph:51 - --- 正在生成回答 ---
2026-04-25 10:55:14 - WARNING - app.core.graph:62 - 未找到参考资料 (context_docs 为空)
2026-04-25 10:55:14 - INFO - app.core.graph:86 - 使用通用模式回答（无参考资料）
2026-04-25 10:55:14 - INFO - app.core.graph:103 - --- 流式生成内容 --- 当然
2026-04-25 10:55:14 - INFO - app.core.graph:103 - --- 流式生成内容 --- 可以！作为
2026-04-25 10:55:14 - INFO - app.core.graph:103 - --- 流式生成内容 --- 你的
2026-04-25 10:55:14 - INFO - app.core.graph:103 - --- 流式生成内容 --- 智能助手，
2026-04-25 10:55:14 - INFO - app.core.graph:103 - --- 流式生成内容 --- 我可以为你提供多种
2026-04-25 10:55:15 - INFO - app.core.graph:103 - --- 流式生成内容 --- 实用帮助，包括但不限于
2026-04-25 10:55:15 - INFO - app.core.graph:103 - --- 流式生成内容 --- ：

✅ **信息
2026-04-25 10:55:15 - INFO - app.core.graph:103 - --- 流式生成内容 --- 查询**：解答
2026-04-25 10:55:15 - INFO - app.core.graph:103 - --- 流式生成内容 --- 各类知识性问题（如
2026-04-25 10:55:15 - INFO - app.core.graph:103 - --- 流式生成内容 --- 科学、历史、
2026-04-25 10:55:15 - INFO - app.core.graph:103 - --- 流式生成内容 --- 地理、文化、技术
2026-04-25 10:55:15 - INFO - app.core.graph:103 - --- 流式生成内容 --- 等），解释概念
2026-04-25 10:55:15 - INFO - app.core.graph:103 - --- 流式生成内容 --- ，梳理时间线
2026-04-25 10:55:15 - INFO - app.core.graph:103 - --- 流式生成内容 --- 或逻辑关系。

✅ **
2026-04-25 10:55:16 - INFO - app.core.graph:103 - --- 流式生成内容 --- 学习辅导**：辅助
2026-04-25 10:55:16 - INFO - app.core.graph:103 - --- 流式生成内容 --- 理解数学题、物理
2026-04-25 10:55:16 - INFO - app.core.graph:103 - --- 流式生成内容 --- 公式、编程逻辑
2026-04-25 10:55:16 - INFO - app.core.graph:103 - --- 流式生成内容 --- 、语言语法（中
2026-04-25 10:55:16 - INFO - app.core.graph:103 - --- 流式生成内容 --- /英/多
2026-04-25 10:55:16 - INFO - app.core.graph:103 - --- 流式生成内容 --- 语种）；提供解
2026-04-25 10:55:16 - INFO - app.core.graph:103 - --- 流式生成内容 --- 题思路、例题解析
2026-04-25 10:55:16 - INFO - app.core.graph:103 - --- 流式生成内容 --- 、学习方法建议
2026-04-25 10:55:16 - INFO - app.core.graph:103 - --- 流式生成内容 --- 。

✅ **内容
2026-04-25 10:55:16 - INFO - app.core.graph:103 - --- 流式生成内容 --- 创作**：帮你
2026-04-25 10:55:16 - INFO - app.core.graph:103 - --- 流式生成内容 --- 撰写/润色邮件
2026-04-25 10:55:17 - INFO - app.core.graph:103 - --- 流式生成内容 --- 、简历、演讲
2026-04-25 10:55:17 - INFO - app.core.graph:103 - --- 流式生成内容 --- 稿、文案、诗歌
2026-04-25 10:55:17 - INFO - app.core.graph:103 - --- 流式生成内容 --- 、故事、公
2026-04-25 10:55:17 - INFO - app.core.graph:103 - --- 流式生成内容 --- 文、社交媒体内容
2026-04-25 10:55:17 - INFO - app.core.graph:103 - --- 流式生成内容 --- 等，支持不同
2026-04-25 10:55:17 - INFO - app.core.graph:103 - --- 流式生成内容 --- 风格（专业、简洁、
2026-04-25 10:55:17 - INFO - app.core.graph:103 - --- 流式生成内容 --- 幽默、正式等
2026-04-25 10:55:17 - INFO - app.core.graph:103 - --- 流式生成内容 --- ）。

✅ **编程
2026-04-25 10:55:17 - INFO - app.core.graph:103 - --- 流式生成内容 --- 支持**：解释
2026-04-25 10:55:17 - INFO - app.core.graph:103 - --- 流式生成内容 --- 代码原理、调试
2026-04-25 10:55:18 - INFO - app.core.graph:103 - --- 流式生成内容 --- 错误、优化算法
2026-04-25 10:55:18 - INFO - app.core.graph:103 - --- 流式生成内容 --- 、生成示例代码
2026-04-25 10:55:18 - INFO - app.core.graph:103 - --- 流式生成内容 --- （Python/Java
2026-04-25 10:55:18 - INFO - app.core.graph:103 - --- 流式生成内容 --- /JavaScript/C++/SQL
2026-04-25 10:55:18 - INFO - app.core.graph:103 - --- 流式生成内容 --- 等主流语言），并
2026-04-25 10:55:18 - INFO - app.core.graph:103 - --- 流式生成内容 --- 附带清晰注
2026-04-25 10:55:18 - INFO - app.core.graph:103 - --- 流式生成内容 --- 释。

✅ **逻辑
2026-04-25 10:55:18 - INFO - app.core.graph:103 - --- 流式生成内容 --- 与思辨协助
2026-04-25 10:55:18 - INFO - app.core.graph:103 - --- 流式生成内容 --- **：帮你分析
2026-04-25 10:55:19 - INFO - app.core.graph:103 - --- 流式生成内容 --- 观点、梳理论证
2026-04-25 10:55:19 - INFO - app.core.graph:103 - --- 流式生成内容 --- 结构、识别逻辑
2026-04-25 10:55:19 - INFO - app.core.graph:103 - --- 流式生成内容 --- 谬误、生成
2026-04-25 10:55:19 - INFO - app.core.graph:103 - --- 流式生成内容 --- 正反方论
2026-04-25 10:55:19 - INFO - app.core.graph:103 - --- 流式生成内容 --- 点，提升批判
2026-04-25 10:55:19 - INFO - app.core.graph:103 - --- 流式生成内容 --- 性思维。

✅ **日常
2026-04-25 10:55:19 - INFO - app.core.graph:103 - --- 流式生成内容 --- 实用工具**：

2026-04-25 10:55:19 - INFO - app.core.graph:103 - --- 流式生成内容 --- - 协助制定
2026-04-25 10:55:19 - INFO - app.core.graph:103 - --- 流式生成内容 --- 计划（学习/
2026-04-25 10:55:19 - INFO - app.core.graph:103 - --- 流式生成内容 --- 健身/时间管理）

2026-04-25 10:55:19 - INFO - app.core.graph:103 - --- 流式生成内容 --- - 提供健康
2026-04-25 10:55:20 - INFO - app.core.graph:103 - --- 流式生成内容 --- 与生活小贴士（
2026-04-25 10:55:20 - INFO - app.core.graph:103 - --- 流式生成内容 --- 非医疗建议）

2026-04-25 10:55:20 - INFO - app.core.graph:103 - --- 流式生成内容 --- - 翻译
2026-04-25 10:55:20 - INFO - app.core.graph:103 - --- 流式生成内容 --- 与语言学习支持
2026-04-25 10:55:20 - INFO - app.core.graph:103 - --- 流式生成内容 --- （含发音提示
2026-04-25 10:55:20 - INFO - app.core.graph:103 - --- 流式生成内容 --- 、用法对比、
2026-04-25 10:55:20 - INFO - app.core.graph:103 - --- 流式生成内容 --- 常见错误提醒）
- 
2026-04-25 10:55:20 - INFO - app.core.graph:103 - --- 流式生成内容 --- 生成待办清单
2026-04-25 10:55:20 - INFO - app.core.graph:103 - --- 流式生成内容 --- 、会议纪要要点
2026-04-25 10:55:21 - INFO - app.core.graph:103 - --- 流式生成内容 --- 、读书摘要等

⚠
2026-04-25 10:55:21 - INFO - app.core.graph:103 - --- 流式生成内容 --- ️ 温馨提示
2026-04-25 10:55:21 - INFO - app.core.graph:103 - --- 流式生成内容 --- ：  
🔹
2026-04-25 10:55:21 - INFO - app.core.graph:103 - --- 流式生成内容 ---  我不接入实时
2026-04-25 10:55:21 - INFO - app.core.graph:103 - --- 流式生成内容 --- 网络，无法获取
2026-04-25 10:55:21 - INFO - app.core.graph:103 - --- 流式生成内容 --- 最新新闻、股价
2026-04-25 10:55:21 - INFO - app.core.graph:103 - --- 流式生成内容 --- 、天气或个人
2026-04-25 10:55:21 - INFO - app.core.graph:103 - --- 流式生成内容 --- 隐私数据；  
🔹 不
2026-04-25 10:55:21 - INFO - app.core.graph:103 - --- 流式生成内容 --- 提供医疗诊断、法律代理
2026-04-25 10:55:21 - INFO - app.core.graph:103 - --- 流式生成内容 --- 、财务投资建议
2026-04-25 10:55:22 - INFO - app.core.graph:103 - --- 流式生成内容 --- 等需专业资质
2026-04-25 10:55:22 - INFO - app.core.graph:103 - --- 流式生成内容 --- 的服务；  
🔹
2026-04-25 10:55:22 - INFO - app.core.graph:103 - --- 流式生成内容 ---  所有回答
2026-04-25 10:55:22 - INFO - app.core.graph:103 - --- 流式生成内容 --- 基于通用知识与
2026-04-25 10:55:22 - INFO - app.core.graph:103 - --- 流式生成内容 --- 推理，力求准确
2026-04-25 10:55:22 - INFO - app.core.graph:103 - --- 流式生成内容 --- ，但建议关键
2026-04-25 10:55:22 - INFO - app.core.graph:103 - --- 流式生成内容 --- 决策时结合权威信源
2026-04-25 10:55:22 - INFO - app.core.graph:103 - --- 流式生成内容 --- 或专业人士意见。

如果你
2026-04-25 10:55:22 - INFO - app.core.graph:103 - --- 流式生成内容 --- 有任何具体需求——
2026-04-25 10:55:22 - INFO - app.core.graph:103 - --- 流式生成内容 --- 比如“帮我写一封
2026-04-25 10:55:23 - INFO - app.core.graph:103 - --- 流式生成内容 --- 辞职信”“解释
2026-04-25 10:55:23 - INFO - app.core.graph:103 - --- 流式生成内容 --- 量子纠缠是什么”“用
2026-04-25 10:55:23 - INFO - app.core.graph:103 - --- 流式生成内容 --- Python画一个折
2026-04-25 10:55:23 - INFO - app.core.graph:103 - --- 流式生成内容 --- 线图”“推荐
2026-04-25 10:55:23 - INFO - app.core.graph:103 - --- 流式生成内容 --- 适合初学者的
2026-04-25 10:55:23 - INFO - app.core.graph:103 - --- 流式生成内容 --- 阅读书单”……
2026-04-25 10:55:23 - INFO - app.core.graph:103 - --- 流式生成内容 --- 欢迎随时告诉我，
2026-04-25 10:55:23 - INFO - app.core.graph:103 - --- 流式生成内容 --- 我立刻为你定制
2026-04-25 10:55:23 - INFO - app.core.graph:103 - --- 流式生成内容 --- 支持！😊
2026-04-25 10:55:23 - INFO - app.core.graph:112 - --- 回答生成完成 ---
2026-04-25 10:55:23 - INFO - app.api.routes:98 - generation事件返回内容：{'generation': {'messages': [AIMessage(content='当然可以！作为你的智能助手，我可以为你提供多种实用帮助，包括但不限于：\n\n✅ **信息查询**：解答各类知识性问题（如科学、历史、地理、文化、技术等），解释概念，梳理时间线或逻辑关系。\n\n✅ **学习辅导**：辅助理解数学题、物理公式、编程逻辑、语言语法（中/英/多语种）；提供解题思路、例题解析、学习方法建议。\n\n✅ **内容创作**：帮你撰写/润色邮件、简历、演讲稿、文案、诗歌、故事、公文、社交媒体内容等，支持不同风格（专业、简洁、幽默、正式等）。\n\n✅ **编程支持**：解释代码原理、调试错误、优化算法、生成示例代码（Python/Java/JavaScript/C++/SQL等主流语言），并附带清晰注释。\n\n✅ **逻辑与思辨协助**：帮你分析观点、梳理论证结构、识别逻辑谬误、生成正反方论点，提升批判性思维。\n\n✅ **日常实用工具**：\n- 协助制定计划（学习/健身/时间管理）\n- 提供健康与生活小贴士（非医疗建议）\n- 翻译与语言学习支持（含发音提示、用法对比、常见错误提醒）\n- 生成待办清单、会议纪要要点、读书摘要等\n\n⚠️ 温馨提示：  \n🔹 我不接入实时网络，无法获取最新新闻、股价、天气或个人隐私数据；  \n🔹 不提供医疗诊断、法律代理、财务投资建议等需专业资质的服务；  \n🔹 所有回答基于通用知识与推理，力求准确，但建议关键决策时结合权威信源或专业人士意见。\n\n如果你有任何具体需求——比如“帮我写一封辞职信”“解释量子纠缠是什么”“用Python画一个折线图”“推荐适合初学者的阅读书单”……欢迎随时告诉我，我立刻为你定制支持！😊', additional_kwargs={}, response_metadata={})], 'answer': '当然可以！作为你的智能助手，我可以为你提供多种实用帮助，包括但不限于：\n\n✅ **信息查询**：解答各类知识性问题（如科学、历史、地理、文化、技术等），解释概念，梳理时间线或逻辑关系。\n\n✅ **学习辅导**：辅助理解数学题、物理公式、编程逻辑、语言语法（中/英/多语种）；提供解题思路、例题解析、学习方法建议。\n\n✅ **内容创作**：帮你撰写/润色邮件、简历、演讲稿、文案、诗歌、故事、公文、社交媒体内容等，支持不同风格（专业、简洁、幽默、正式等）。\n\n✅ **编程支持**：解释代码原理、调试错误、优化算法、生成示例代码（Python/Java/JavaScript/C++/SQL等主流语言），并附带清晰注释。\n\n✅ **逻辑与思辨协助**：帮你分析观点、梳理论证结构、识别逻辑谬误、生成正反方论点，提升批判性思维。\n\n✅ **日常实用工具**：\n- 协助制定计划（学习/健身/时间管理）\n- 提供健康与生活小贴士（非医疗建议）\n- 翻译与语言学习支持（含发音提示、用法对比、常见错误提醒）\n- 生成待办清单、会议纪要要点、读书摘要等\n\n⚠️ 温馨提示：  \n🔹 我不接入实时网络，无法获取最新新闻、股价、天气或个人隐私数据；  \n🔹 不提供医疗诊断、法律代理、财务投资建议等需专业资质的服务；  \n🔹 所有回答基于通用知识与推理，力求准确，但建议关键决策时结合权威信源或专业人士意见。\n\n如果你有任何具体需求——比如“帮我写一封辞职信”“解释量子纠缠是什么”“用Python画一个折线图”“推荐适合初学者的阅读书单”……欢迎随时告诉我，我立刻为你定制支持！😊'}}
2026-04-25 10:55:23 - INFO - __main__:50 - 前端响应内容: {"answer": "当然可以！作为你的智能助手，我可以为你提供多种实用帮助，包括但不限于：\n\n✅ **信息查询**：解答各类知识性问题（如科学、历史、地理、文化、技术等），解释概念，梳理时间线或逻辑关系。\n\n✅ **学习辅导**：辅助理解数学题、物理公式、编程逻辑、语言语法（中/英/多语种）；提供解题思路、例题解析、学习方法建议。\n\n✅ **内容创作**：帮你撰写/润色邮件、简历、演讲稿、文案、诗歌、故事、公文、社交媒体内容等，支持不同风格（专业、简洁、幽默、正式等）。\n\n✅ **编程支持**：解释代码原理、调试错误、优化算法、生成示例代码（Python/Java/JavaScript/C++/SQL等主流语言），并附带清晰注释。\n\n✅ **逻辑与思辨协助**：帮你分析观点、梳理论证结构、识别逻辑谬误、生成正反方论点，提升批判性思维。\n\n✅ **日常实用工具**：\n- 协助制定计划（学习/健身/时间管理）\n- 提供健康与生活小贴士（非医疗建议）\n- 翻译与语言学习支持（含发音提示、用法对比、常见错误提醒）\n- 生成待办清单、会议纪要要点、读书摘要等\n\n⚠️ 温馨提示：  \n🔹 我不接入实时网络，无法获取最新新闻、股价、天气或个人隐私数据；  \n🔹 不提供医疗诊断、法律代理、财务投资建议等需专业资质的服务；  \n🔹 所有回答基于通用知识与推理，力求准确，但建议关键决策时结合权威信源或专业人士意见。\n\n如果你有任何具体需求——比如“帮我写一封辞职信”“解释量子纠缠是什么”“用Python画一个折线图”“推荐适合初学者的阅读书单”……欢迎随时告诉我，我立刻为你定制支持！😊", "sources": [], "is_end": false}
2026-04-25 10:55:23 - INFO - __main__:50 - 前端响应内容: {"answer": "", "sources": [], "is_end": true}
2026-04-25 10:57:50 - INFO - app.api.routes:98 - 事件类型: on_chain_start
2026-04-25 10:57:50 - INFO - app.api.routes:98 - 事件类型: on_chain_start
2026-04-25 10:57:50 - INFO - app.api.routes:98 - 事件类型: on_chain_start
2026-04-25 10:57:50 - INFO - app.api.routes:98 - 事件类型: on_chain_end
2026-04-25 10:57:50 - INFO - app.api.routes:98 - 事件类型: on_chain_start
2026-04-25 10:57:50 - INFO - app.api.routes:98 - 事件类型: on_chain_end
2026-04-25 10:57:50 - INFO - app.api.routes:98 - 事件类型: on_chain_stream
2026-04-25 10:57:50 - INFO - app.api.routes:98 - 事件类型: on_chain_end
2026-04-25 10:57:50 - INFO - app.api.routes:98 - 事件类型: on_chain_start
2026-04-25 10:57:50 - INFO - app.core.graph:34 - --- 正在为租户 tenant_A 检索资料 ---
2026-04-25 10:57:55 - INFO - app.core.rag_engine:58 - 为租户 tenant_A 初始化 RAG 引擎
2026-04-25 10:57:55 - ERROR - app.core.rag_engine:79 - 加载向量库失败: Error in __cdecl faiss::FileIOReader::FileIOReader(const char *) at D:\a\faiss-wheels\faiss-wheels\third-party\faiss\faiss\impl\io.cpp:70: Error: 'f' failed: could not open storage\tenant_A\index\index.faiss for reading: No such file or directory
Traceback (most recent call last):
  File "D:\HJ\PythonProject\enterprise_knowledge_base\app\core\rag_engine.py", line 73, in load_vector_store
    return FAISS.load_local(
  File "E:\python\envs_dirs\py310\lib\site-packages\langchain_community\vectorstores\faiss.py", line 1205, in load_local
    index = faiss.read_index(str(path / f"{index_name}.faiss"))
  File "E:\python\envs_dirs\py310\lib\site-packages\faiss\swigfaiss_avx2.py", line 12913, in read_index
    return _swigfaiss_avx2.read_index(*args)
RuntimeError: Error in __cdecl faiss::FileIOReader::FileIOReader(const char *) at D:\a\faiss-wheels\faiss-wheels\third-party\faiss\faiss\impl\io.cpp:70: Error: 'f' failed: could not open storage\tenant_A\index\index.faiss for reading: No such file or directory
2026-04-25 10:57:55 - INFO - app.api.routes:98 - 事件类型: on_chain_start
2026-04-25 10:57:55 - INFO - app.api.routes:98 - 事件类型: on_chain_end
2026-04-25 10:57:55 - INFO - app.api.routes:98 - 事件类型: on_chain_stream
2026-04-25 10:57:55 - INFO - app.api.routes:98 - 事件类型: on_chain_end
2026-04-25 10:57:55 - INFO - app.api.routes:98 - 事件类型: on_chain_stream
2026-04-25 10:57:55 - INFO - app.api.routes:98 - 事件类型: on_chain_start
2026-04-25 10:57:55 - INFO - app.core.graph:51 - --- 正在生成回答 ---
2026-04-25 10:57:55 - WARNING - app.core.graph:62 - 未找到参考资料 (context_docs 为空)
2026-04-25 10:57:55 - INFO - app.core.graph:86 - 使用通用模式回答（无参考资料）
2026-04-25 10:57:55 - INFO - app.api.routes:98 - 事件类型: on_chat_model_start
2026-04-25 10:57:56 - INFO - app.api.routes:98 - 事件类型: on_chat_model_stream
2026-04-25 10:57:56 - INFO - app.api.routes:98 - 事件类型: on_chat_model_stream
2026-04-25 10:57:56 - INFO - __main__:50 - 前端响应内容: {"answer": "你好", "sources": [], "is_end": false}
2026-04-25 10:57:56 - INFO - app.api.routes:98 - 事件类型: on_chat_model_stream
2026-04-25 10:57:56 - INFO - app.core.graph:94 - --- 流式生成内容 --- ！很高兴见到
2026-04-25 10:57:56 - INFO - __main__:50 - 前端响应内容: {"answer": "！很高兴见到", "sources": [], "is_end": false}
2026-04-25 10:57:56 - INFO - app.api.routes:98 - 事件类型: on_chat_model_stream
2026-04-25 10:57:56 - INFO - app.core.graph:94 - --- 流式生成内容 --- 你～
"sources": [], "is_end": false}
2026-04-25 10:57:56 - INFO - app.api.routes:98 - 事件类型: on_chat_model_stream
2026-04-25 10:57:56 - INFO - app.core.graph:94 - --- 流式生成内容 --- 有什么
"sources": [], "is_end": false}
2026-04-25 10:57:56 - INFO - app.api.routes:98 - 事件类型: on_chat_model_stream
2026-04-25 10:57:56 - INFO - app.core.graph:94 - --- 流式生成内容 --- 问题或需要帮助
2026-04-25 10:57:56 - INFO - __main__:50 - 前端响应内容: {"answer": "问题或需要帮助", "sources": [], "is_end": false}
2026-04-25 10:57:56 - INFO - app.api.routes:98 - 事件类型: on_chat_model_stream
2026-04-25 10:57:56 - INFO - __main__:50 - 前端响应内容: {"answer": "的地方，随时告诉我哦", "sources": [], "is_end": false}
2026-04-25 10:57:56 - INFO - app.api.routes:98 - 事件类型: on_chat_model_stream
2026-04-25 10:57:56 - INFO - app.core.graph:94 - --- 流式生成内容 --- ！😊
"sources": [], "is_end": false}
2026-04-25 10:57:56 - INFO - app.api.routes:98 - 事件类型: on_chat_model_stream
2026-04-25 10:57:56 - INFO - app.api.routes:98 - 事件类型: on_chat_model_end
2026-04-25 10:57:56 - INFO - app.api.routes:98 - 事件类型: on_chain_start
2026-04-25 10:57:56 - INFO - app.api.routes:98 - 事件类型: on_chain_end
2026-04-25 10:57:56 - INFO - app.api.routes:98 - 事件类型: on_chain_stream
2026-04-25 10:57:56 - INFO - app.api.routes:98 - 事件类型: on_chain_end
2026-04-25 10:57:56 - INFO - app.api.routes:98 - 事件类型: on_chain_stream
2026-04-25 10:57:56 - INFO - app.api.routes:98 - 事件类型: on_chain_end
2026-04-25 10:57:56 - INFO - __main__:50 - 前端响应内容: {"answer": "", "sources": [], "is_end": true}
2026-04-25 10:59:41 - INFO - app.api.routes:98 - 事件类型: on_chain_start
2026-04-25 10:59:41 - INFO - app.api.routes:98 - 事件类型: on_chain_start
2026-04-25 10:59:41 - INFO - app.api.routes:98 - 事件类型: on_chain_start
2026-04-25 10:59:41 - INFO - app.api.routes:98 - 事件类型: on_chain_end
2026-04-25 10:59:41 - INFO - app.api.routes:98 - 事件类型: on_chain_start
2026-04-25 10:59:41 - INFO - app.api.routes:98 - 事件类型: on_chain_end
2026-04-25 10:59:41 - INFO - app.api.routes:98 - 事件类型: on_chain_stream
2026-04-25 10:59:41 - INFO - app.api.routes:98 - 事件类型: on_chain_end
2026-04-25 10:59:41 - INFO - app.api.routes:98 - 事件类型: on_chain_start
2026-04-25 10:59:41 - INFO - app.core.graph:34 - --- 正在为租户 tenant_A 检索资料 ---
2026-04-25 10:59:45 - INFO - app.core.rag_engine:58 - 为租户 tenant_A 初始化 RAG 引擎
2026-04-25 10:59:45 - ERROR - app.core.rag_engine:79 - 加载向量库失败: Error in __cdecl faiss::FileIOReader::FileIOReader(const char *) at D:\a\faiss-wheels\faiss-wheels\third-party\faiss\faiss\impl\io.cpp:70: Error: 'f' failed: could not open storage\tenant_A\index\index.faiss for reading: No such file or directory
Traceback (most recent call last):
  File "D:\HJ\PythonProject\enterprise_knowledge_base\app\core\rag_engine.py", line 73, in load_vector_store
    return FAISS.load_local(
  File "E:\python\envs_dirs\py310\lib\site-packages\langchain_community\vectorstores\faiss.py", line 1205, in load_local
    index = faiss.read_index(str(path / f"{index_name}.faiss"))
  File "E:\python\envs_dirs\py310\lib\site-packages\faiss\swigfaiss_avx2.py", line 12913, in read_index
    return _swigfaiss_avx2.read_index(*args)
RuntimeError: Error in __cdecl faiss::FileIOReader::FileIOReader(const char *) at D:\a\faiss-wheels\faiss-wheels\third-party\faiss\faiss\impl\io.cpp:70: Error: 'f' failed: could not open storage\tenant_A\index\index.faiss for reading: No such file or directory
2026-04-25 10:59:46 - INFO - app.api.routes:98 - 事件类型: on_chain_start
2026-04-25 10:59:46 - INFO - app.api.routes:98 - 事件类型: on_chain_end
2026-04-25 10:59:46 - INFO - app.api.routes:98 - 事件类型: on_chain_stream
2026-04-25 10:59:46 - INFO - app.api.routes:98 - 事件类型: on_chain_end
2026-04-25 10:59:46 - INFO - app.api.routes:98 - 事件类型: on_chain_stream
2026-04-25 10:59:46 - INFO - app.api.routes:98 - 事件类型: on_chain_start
2026-04-25 10:59:46 - INFO - app.core.graph:51 - --- 正在生成回答 ---
2026-04-25 10:59:46 - WARNING - app.core.graph:62 - 未找到参考资料 (context_docs 为空)
2026-04-25 10:59:46 - INFO - app.core.graph:86 - 使用通用模式回答（无参考资料）
2026-04-25 10:59:46 - INFO - app.api.routes:98 - 事件类型: on_chat_model_start
2026-04-25 10:59:46 - INFO - app.api.routes:98 - 事件类型: on_chat_model_stream
2026-04-25 10:59:46 - INFO - app.api.routes:98 - 事件类型: on_chat_model_stream
2026-04-25 10:59:46 - INFO - app.core.graph:94 - --- 流式生成内容 --- 当然
2026-04-25 10:59:46 - INFO - __main__:50 - 前端响应内容: {"answer": "当然", "sources": [], "is_end": false}
2026-04-25 10:59:46 - INFO - app.api.routes:98 - 事件类型: on_chat_model_stream
2026-04-25 10:59:46 - INFO - app.core.graph:94 - --- 流式生成内容 --- 可以！作为
2026-04-25 10:59:46 - INFO - __main__:50 - 前端响应内容: {"answer": "可以！作为", "sources": [], "is_end": false}
2026-04-25 10:59:46 - INFO - app.api.routes:98 - 事件类型: on_chat_model_stream
2026-04-25 10:59:46 - INFO - app.core.graph:94 - --- 流式生成内容 --- 你的
"sources": [], "is_end": false}
2026-04-25 10:59:46 - INFO - app.api.routes:98 - 事件类型: on_chat_model_stream
2026-04-25 10:59:46 - INFO - app.core.graph:94 - --- 流式生成内容 --- 智能助手，
2026-04-25 10:59:46 - INFO - __main__:50 - 前端响应内容: {"answer": "智能助手，", "sources": [], "is_end": false}
2026-04-25 10:59:46 - INFO - app.api.routes:98 - 事件类型: on_chat_model_stream
2026-04-25 10:59:46 - INFO - app.core.graph:94 - --- 流式生成内容 --- 我可以为你提供多
"sources": [], "is_end": false}
2026-04-25 10:59:46 - INFO - app.api.routes:98 - 事件类型: on_chat_model_stream
2026-04-25 10:59:46 - INFO - __main__:50 - 前端响应内容: {"answer": "方面的帮助，例如", "sources": [], "is_end": false}
2026-04-25 10:59:46 - INFO - app.api.routes:98 - 事件类型: on_chat_model_stream
2026-04-25 10:59:46 - INFO - app.core.graph:94 - --- 流式生成内容 --- ：

✅ **信息
2026-04-25 10:59:46 - INFO - __main__:50 - 前端响应内容: {"answer": "：\n\n✅ **信息", "sources": [], "is_end": false}
2026-04-25 10:59:46 - INFO - app.api.routes:98 - 事件类型: on_chat_model_stream
2026-04-25 10:59:46 - INFO - __main__:50 - 前端响应内容: {"answer": "查询与知识解答", "sources": [], "is_end": false}
2026-04-25 10:59:47 - INFO - app.api.routes:98 - 事件类型: on_chat_model_stream
2026-04-25 10:59:47 - INFO - app.core.graph:94 - --- 流式生成内容 --- **  
- 解
"sources": [], "is_end": false}
2026-04-25 10:59:47 - INFO - app.api.routes:98 - 事件类型: on_chat_model_stream
2026-04-25 10:59:47 - INFO - __main__:50 - 前端响应内容: {"answer": "释科学、历史、文化", "sources": [], "is_end": false}
2026-04-25 10:59:47 - INFO - app.core.graph:94 - --- 流式生成内容 --- 释科学、历史、文化
2026-04-25 10:59:47 - INFO - app.api.routes:98 - 事件类型: on_chat_model_stream
2026-04-25 10:59:47 - INFO - app.core.graph:94 - --- 流式生成内容 --- 、技术等领域的概念
2026-04-25 10:59:47 - INFO - __main__:50 - 前端响应内容: {"answer": "、技术等领域的概念", "sources": [], "is_end": false}
2026-04-25 10:59:47 - INFO - app.api.routes:98 - 事件类型: on_chat_model_stream
2026-04-25 10:59:47 - INFO - app.core.graph:94 - --- 流式生成内容 --- （如“量子
2026-04-25 10:59:47 - INFO - __main__:50 - 前端响应内容: {"answer": "（如“量子", "sources": [], "is_end": false}
2026-04-25 10:59:47 - INFO - app.api.routes:98 - 事件类型: on_chat_model_stream
2026-04-25 10:59:47 - INFO - __main__:50 - 前端响应内容: {"answer": "纠缠是什么？”“", "sources": [], "is_end": false}
2026-04-25 10:59:47 - INFO - app.api.routes:98 - 事件类型: on_chat_model_stream
2026-04-25 10:59:47 - INFO - app.core.graph:94 - --- 流式生成内容 --- 唐朝有哪些著名诗人
"sources": [], "is_end": false}
2026-04-25 10:59:47 - INFO - app.api.routes:98 - 事件类型: on_chat_model_stream
2026-04-25 10:59:47 - INFO - __main__:50 - 前端响应内容: {"answer": "？”）  \n-", "sources": [], "is_end": false}
2026-04-25 10:59:47 - INFO - app.api.routes:98 - 事件类型: on_chat_model_stream
2026-04-25 10:59:47 - INFO - app.core.graph:94 - --- 流式生成内容 ---  提供实时更新
"sources": [], "is_end": false}
2026-04-25 10:59:47 - INFO - app.api.routes:98 - 事件类型: on_chat_model_stream
2026-04-25 10:59:47 - INFO - __main__:50 - 前端响应内容: {"answer": "的常识性知识", "sources": [], "is_end": false}
2026-04-25 10:59:47 - INFO - app.api.routes:98 - 事件类型: on_chat_model_stream
2026-04-25 10:59:47 - INFO - app.core.graph:94 - --- 流式生成内容 --- （截至我的训练
"sources": [], "is_end": false}
2026-04-25 10:59:48 - INFO - app.api.routes:98 - 事件类型: on_chat_model_stream
2026-04-25 10:59:48 - INFO - __main__:50 - 前端响应内容: {"answer": "截止时间2024", "sources": [], "is_end": false}
2026-04-25 10:59:48 - INFO - app.api.routes:98 - 事件类型: on_chat_model_stream
2026-04-25 10:59:48 - INFO - __main__:50 - 前端响应内容: {"answer": "年中）\n\n✅ **学习", "sources": [], "is_end": false}
2026-04-25 10:59:48 - INFO - app.api.routes:98 - 事件类型: on_chat_model_stream
2026-04-25 10:59:48 - INFO - __main__:50 - 前端响应内容: {"answer": "与教育支持**  \n", "sources": [], "is_end": false}
2026-04-25 10:59:48 - INFO - app.api.routes:98 - 事件类型: on_chat_model_stream
2026-04-25 10:59:48 - INFO - app.core.graph:94 - --- 流式生成内容 --- - 辅导
"sources": [], "is_end": false}
2026-04-25 10:59:48 - INFO - app.api.routes:98 - 事件类型: on_chat_model_stream
2026-04-25 10:59:48 - INFO - __main__:50 - 前端响应内容: {"answer": "数学、物理、语文", "sources": [], "is_end": false}
2026-04-25 10:59:48 - INFO - app.api.routes:98 - 事件类型: on_chat_model_stream
2026-04-25 10:59:48 - INFO - __main__:50 - 前端响应内容: {"answer": "、英语等学科的题目", "sources": [], "is_end": false}
2026-04-25 10:59:48 - INFO - app.api.routes:98 - 事件类型: on_chat_model_stream
2026-04-25 10:59:48 - INFO - app.core.graph:94 - --- 流式生成内容 --- 解析与思路引导
"sources": [], "is_end": false}
2026-04-25 10:59:48 - INFO - app.api.routes:98 - 事件类型: on_chat_model_stream
2026-04-25 10:59:48 - INFO - app.core.graph:94 - --- 流式生成内容 ---   
- 帮助
"sources": [], "is_end": false}
2026-04-25 10:59:48 - INFO - app.api.routes:98 - 事件类型: on_chat_model_stream
2026-04-25 10:59:48 - INFO - __main__:50 - 前端响应内容: {"answer": "撰写/修改作文", "sources": [], "is_end": false}
2026-04-25 10:59:49 - INFO - app.api.routes:98 - 事件类型: on_chat_model_stream
2026-04-25 10:59:49 - INFO - __main__:50 - 前端响应内容: {"answer": "、读书报告、演讲", "sources": [], "is_end": false}
2026-04-25 10:59:49 - INFO - app.api.routes:98 - 事件类型: on_chat_model_stream
2026-04-25 10:59:49 - INFO - app.core.graph:94 - --- 流式生成内容 --- 稿、简历、
"sources": [], "is_end": false}
2026-04-25 10:59:49 - INFO - app.api.routes:98 - 事件类型: on_chat_model_stream
2026-04-25 10:59:49 - INFO - app.core.graph:94 - --- 流式生成内容 --- 求职信等  
- 提
"sources": [], "is_end": false}
2026-04-25 10:59:49 - INFO - app.api.routes:98 - 事件类型: on_chat_model_stream
2026-04-25 10:59:49 - INFO - app.core.graph:94 - --- 流式生成内容 --- 供语言学习支持
"sources": [], "is_end": false}
2026-04-25 10:59:49 - INFO - app.api.routes:98 - 事件类型: on_chat_model_stream
2026-04-25 10:59:49 - INFO - app.core.graph:94 - --- 流式生成内容 --- （中英互
"sources": [], "is_end": false}
2026-04-25 10:59:49 - INFO - app.api.routes:98 - 事件类型: on_chat_model_stream
2026-04-25 10:59:49 - INFO - __main__:50 - 前端响应内容: {"answer": "译、语法讲解", "sources": [], "is_end": false}
2026-04-25 10:59:49 - INFO - app.api.routes:98 - 事件类型: on_chat_model_stream
2026-04-25 10:59:49 - INFO - app.core.graph:94 - --- 流式生成内容 --- 、词汇拓展、写作
2026-04-25 10:59:49 - INFO - __main__:50 - 前端响应内容: {"answer": "、词汇拓展、写作", "sources": [], "is_end": false}
2026-04-25 10:59:49 - INFO - app.api.routes:98 - 事件类型: on_chat_model_stream
2026-04-25 10:59:49 - INFO - app.core.graph:94 - --- 流式生成内容 --- 润色）

✅
2026-04-25 10:59:49 - INFO - __main__:50 - 前端响应内容: {"answer": "润色）\n\n✅", "sources": [], "is_end": false}
2026-04-25 10:59:49 - INFO - app.api.routes:98 - 事件类型: on_chat_model_stream
2026-04-25 10:59:49 - INFO - app.core.graph:94 - --- 流式生成内容 ---  **内容创作与办公
"sources": [], "is_end": false}
2026-04-25 10:59:49 - INFO - app.api.routes:98 - 事件类型: on_chat_model_stream
2026-04-25 10:59:49 - INFO - __main__:50 - 前端响应内容: {"answer": "协助**  \n-", "sources": [], "is_end": false}
2026-04-25 10:59:50 - INFO - app.api.routes:98 - 事件类型: on_chat_model_stream
2026-04-25 10:59:50 - INFO - __main__:50 - 前端响应内容: {"answer": " 撰写", "sources": [], "is_end": false}
2026-04-25 10:59:50 - INFO - app.api.routes:98 - 事件类型: on_chat_model_stream
2026-04-25 10:59:50 - INFO - app.core.graph:94 - --- 流式生成内容 --- 或优化邮件、会议
"sources": [], "is_end": false}
2026-04-25 10:59:50 - INFO - app.api.routes:98 - 事件类型: on_chat_model_stream
2026-04-25 10:59:50 - INFO - __main__:50 - 前端响应内容: {"answer": "纪要、方案", "sources": [], "is_end": false}
2026-04-25 10:59:50 - INFO - app.api.routes:98 - 事件类型: on_chat_model_stream
2026-04-25 10:59:50 - INFO - __main__:50 - 前端响应内容: {"answer": "策划、宣传文案、社交媒体", "sources": [], "is_end": false}
2026-04-25 10:59:50 - INFO - app.api.routes:98 - 事件类型: on_chat_model_stream
2026-04-25 10:59:50 - INFO - __main__:50 - 前端响应内容: {"answer": "内容  \n- ", "sources": [], "is_end": false}
2026-04-25 10:59:50 - INFO - app.api.routes:98 - 事件类型: on_chat_model_stream
2026-04-25 10:59:50 - INFO - app.core.graph:94 - --- 流式生成内容 --- 生成创意点子
"sources": [], "is_end": false}
2026-04-25 10:59:50 - INFO - app.api.routes:98 - 事件类型: on_chat_model_stream
2026-04-25 10:59:50 - INFO - __main__:50 - 前端响应内容: {"answer": "（如活动主题", "sources": [], "is_end": false}
2026-04-25 10:59:50 - INFO - app.api.routes:98 - 事件类型: on_chat_model_stream
2026-04-25 10:59:50 - INFO - app.core.graph:94 - --- 流式生成内容 --- 、品牌名称、短视频
"sources": [], "is_end": false}
2026-04-25 10:59:50 - INFO - app.api.routes:98 - 事件类型: on_chat_model_stream
2026-04-25 10:59:50 - INFO - __main__:50 - 前端响应内容: {"answer": "脚本）  \n-", "sources": [], "is_end": false}
2026-04-25 10:59:50 - INFO - app.api.routes:98 - 事件类型: on_chat_model_stream
2026-04-25 10:59:50 - INFO - __main__:50 - 前端响应内容: {"answer": " 总结长文", "sources": [], "is_end": false}
2026-04-25 10:59:51 - INFO - app.api.routes:98 - 事件类型: on_chat_model_stream
2026-04-25 10:59:51 - INFO - app.core.graph:94 - --- 流式生成内容 --- 、提炼要点、制作
2026-04-25 10:59:51 - INFO - __main__:50 - 前端响应内容: {"answer": "、提炼要点、制作", "sources": [], "is_end": false}
2026-04-25 10:59:51 - INFO - app.api.routes:98 - 事件类型: on_chat_model_stream
2026-04-25 10:59:51 - INFO - app.core.graph:94 - --- 流式生成内容 --- 思维导图大纲
"sources": [], "is_end": false}
2026-04-25 10:59:51 - INFO - app.api.routes:98 - 事件类型: on_chat_model_stream
2026-04-25 10:59:51 - INFO - __main__:50 - 前端响应内容: {"answer": "\n\n✅ **逻辑", "sources": [], "is_end": false}
2026-04-25 10:59:51 - INFO - app.api.routes:98 - 事件类型: on_chat_model_stream
2026-04-25 10:59:51 - INFO - app.core.graph:94 - --- 流式生成内容 --- 与实用工具**  
-
2026-04-25 10:59:51 - INFO - __main__:50 - 前端响应内容: {"answer": "与实用工具**  \n-", "sources": [], "is_end": false}
2026-04-25 10:59:51 - INFO - app.api.routes:98 - 事件类型: on_chat_model_stream
2026-04-25 10:59:51 - INFO - __main__:50 - 前端响应内容: {"answer": " 编程辅助", "sources": [], "is_end": false}
2026-04-25 10:59:51 - INFO - app.api.routes:98 - 事件类型: on_chat_model_stream
2026-04-25 10:59:51 - INFO - __main__:50 - 前端响应内容: {"answer": "：解释代码逻辑、调试", "sources": [], "is_end": false}
2026-04-25 10:59:51 - INFO - app.api.routes:98 - 事件类型: on_chat_model_stream
2026-04-25 10:59:51 - INFO - __main__:50 - 前端响应内容: {"answer": "建议、Python/", "sources": [], "is_end": false}
2026-04-25 10:59:51 - INFO - app.api.routes:98 - 事件类型: on_chat_model_stream
2026-04-25 10:59:51 - INFO - app.core.graph:94 - --- 流式生成内容 --- JavaScript等常见语言示
"sources": [], "is_end": false}
2026-04-25 10:59:51 - INFO - app.api.routes:98 - 事件类型: on_chat_model_stream
2026-04-25 10:59:51 - INFO - __main__:50 - 前端响应内容: {"answer": "例  \n- 日", "sources": [], "is_end": false}
2026-04-25 10:59:51 - INFO - app.api.routes:98 - 事件类型: on_chat_model_stream
2026-04-25 10:59:51 - INFO - __main__:50 - 前端响应内容: {"answer": "常计算：单位", "sources": [], "is_end": false}
2026-04-25 10:59:52 - INFO - app.api.routes:98 - 事件类型: on_chat_model_stream
2026-04-25 10:59:52 - INFO - app.core.graph:94 - --- 流式生成内容 --- 换算、公式
"sources": [], "is_end": false}
2026-04-25 10:59:52 - INFO - app.api.routes:98 - 事件类型: on_chat_model_stream
2026-04-25 10:59:52 - INFO - app.core.graph:94 - --- 流式生成内容 --- 推导、简单
2026-04-25 10:59:52 - INFO - __main__:50 - 前端响应内容: {"answer": "推导、简单", "sources": [], "is_end": false}
2026-04-25 10:59:52 - INFO - app.api.routes:98 - 事件类型: on_chat_model_stream
2026-04-25 10:59:52 - INFO - app.core.graph:94 - --- 流式生成内容 --- 数据分析建议  
- 生
2026-04-25 10:59:52 - INFO - __main__:50 - 前端响应内容: {"answer": "数据分析建议  \n- 生", "sources": [], "is_end": false}
2026-04-25 10:59:52 - INFO - app.api.routes:98 - 事件类型: on_chat_model_stream
2026-04-25 10:59:52 - INFO - app.core.graph:94 - --- 流式生成内容 --- 活建议：时间
"sources": [], "is_end": false}
2026-04-25 10:59:52 - INFO - app.api.routes:98 - 事件类型: on_chat_model_stream
2026-04-25 10:59:52 - INFO - __main__:50 - 前端响应内容: {"answer": "管理技巧、沟通", "sources": [], "is_end": false}
2026-04-25 10:59:52 - INFO - app.api.routes:98 - 事件类型: on_chat_model_stream
2026-04-25 10:59:52 - INFO - app.core.graph:94 - --- 流式生成内容 --- 话术、阅读
"sources": [], "is_end": false}
2026-04-25 10:59:52 - INFO - app.api.routes:98 - 事件类型: on_chat_model_stream
2026-04-25 10:59:52 - INFO - app.core.graph:94 - --- 流式生成内容 --- /学习方法推荐
"sources": [], "is_end": false}
2026-04-25 10:59:52 - INFO - app.api.routes:98 - 事件类型: on_chat_model_stream
2026-04-25 10:59:52 - INFO - __main__:50 - 前端响应内容: {"answer": "（非医疗/", "sources": [], "is_end": false}
2026-04-25 10:59:52 - INFO - app.api.routes:98 - 事件类型: on_chat_model_stream
2026-04-25 10:59:52 - INFO - __main__:50 - 前端响应内容: {"answer": "法律专业意见）\n\n", "sources": [], "is_end": false}
2026-04-25 10:59:52 - INFO - app.api.routes:98 - 事件类型: on_chat_model_stream
2026-04-25 10:59:52 - INFO - __main__:50 - 前端响应内容: {"answer": "⚠️ 温馨提示", "sources": [], "is_end": false}
2026-04-25 10:59:53 - INFO - app.api.routes:98 - 事件类型: on_chat_model_stream
2026-04-25 10:59:53 - INFO - app.core.graph:94 - --- 流式生成内容 --- ：  
-
"sources": [], "is_end": false}
2026-04-25 10:59:53 - INFO - app.api.routes:98 - 事件类型: on_chat_model_stream
2026-04-25 10:59:53 - INFO - __main__:50 - 前端响应内容: {"answer": " 我不接入实时", "sources": [], "is_end": false}
2026-04-25 10:59:53 - INFO - app.api.routes:98 - 事件类型: on_chat_model_stream
2026-04-25 10:59:53 - INFO - __main__:50 - 前端响应内容: {"answer": "网络，无法获取", "sources": [], "is_end": false}
2026-04-25 10:59:53 - INFO - app.api.routes:98 - 事件类型: on_chat_model_stream
2026-04-25 10:59:53 - INFO - __main__:50 - 前端响应内容: {"answer": "最新新闻、股价", "sources": [], "is_end": false}
2026-04-25 10:59:53 - INFO - app.api.routes:98 - 事件类型: on_chat_model_stream
2026-04-25 10:59:53 - INFO - app.core.graph:94 - --- 流式生成内容 --- 、天气或个人
"sources": [], "is_end": false}
2026-04-25 10:59:53 - INFO - app.api.routes:98 - 事件类型: on_chat_model_stream
2026-04-25 10:59:53 - INFO - __main__:50 - 前端响应内容: {"answer": "隐私数据；  \n-", "sources": [], "is_end": false}
2026-04-25 10:59:53 - INFO - app.api.routes:98 - 事件类型: on_chat_model_stream
2026-04-25 10:59:53 - INFO - app.core.graph:94 - --- 流式生成内容 ---  不提供医疗诊断、
"sources": [], "is_end": false}
2026-04-25 10:59:53 - INFO - app.api.routes:98 - 事件类型: on_chat_model_stream
2026-04-25 10:59:53 - INFO - app.core.graph:94 - --- 流式生成内容 --- 法律代理、心理咨询
"sources": [], "is_end": false}
2026-04-25 10:59:53 - INFO - app.api.routes:98 - 事件类型: on_chat_model_stream
2026-04-25 10:59:53 - INFO - __main__:50 - 前端响应内容: {"answer": "等需专业资质", "sources": [], "is_end": false}
2026-04-25 10:59:53 - INFO - app.api.routes:98 - 事件类型: on_chat_model_stream
2026-04-25 10:59:53 - INFO - app.core.graph:94 - --- 流式生成内容 --- 的服务；  
-
2026-04-25 10:59:53 - INFO - __main__:50 - 前端响应内容: {"answer": "的服务；  \n-", "sources": [], "is_end": false}
2026-04-25 10:59:53 - INFO - app.api.routes:98 - 事件类型: on_chat_model_stream
2026-04-25 10:59:53 - INFO - app.core.graph:94 - --- 流式生成内容 ---  所有回答
"sources": [], "is_end": false}
2026-04-25 10:59:54 - INFO - app.api.routes:98 - 事件类型: on_chat_model_stream
2026-04-25 10:59:54 - INFO - app.core.graph:94 - --- 流式生成内容 --- 力求准确客观，但建议
2026-04-25 10:59:54 - INFO - __main__:50 - 前端响应内容: {"answer": "力求准确客观，但建议", "sources": [], "is_end": false}
2026-04-25 10:59:54 - INFO - app.api.routes:98 - 事件类型: on_chat_model_stream
2026-04-25 10:59:54 - INFO - app.core.graph:94 - --- 流式生成内容 --- 重要决策前结合
"sources": [], "is_end": false}
2026-04-25 10:59:54 - INFO - app.api.routes:98 - 事件类型: on_chat_model_stream
2026-04-25 10:59:54 - INFO - __main__:50 - 前端响应内容: {"answer": "权威渠道复核。\n\n如果你", "sources": [], "is_end": false}
2026-04-25 10:59:54 - INFO - app.api.routes:98 - 事件类型: on_chat_model_stream
2026-04-25 10:59:54 - INFO - __main__:50 - 前端响应内容: {"answer": "有具体需求——", "sources": [], "is_end": false}
2026-04-25 10:59:54 - INFO - app.api.routes:98 - 事件类型: on_chat_model_stream
2026-04-25 10:59:54 - INFO - __main__:50 - 前端响应内容: {"answer": "比如“帮我写一封", "sources": [], "is_end": false}
2026-04-25 10:59:54 - INFO - app.core.graph:94 - --- 流式生成内容 --- 比如“帮我写一封
2026-04-25 10:59:54 - INFO - app.api.routes:98 - 事件类型: on_chat_model_stream
2026-04-25 10:59:54 - INFO - __main__:50 - 前端响应内容: {"answer": "辞职信”“", "sources": [], "is_end": false}
2026-04-25 10:59:54 - INFO - app.api.routes:98 - 事件类型: on_chat_model_stream
2026-04-25 10:59:54 - INFO - app.core.graph:94 - --- 流式生成内容 --- 解释光合作用的过程
2026-04-25 10:59:54 - INFO - __main__:50 - 前端响应内容: {"answer": "解释光合作用的过程", "sources": [], "is_end": false}
2026-04-25 10:59:54 - INFO - app.api.routes:98 - 事件类型: on_chat_model_stream
2026-04-25 10:59:54 - INFO - __main__:50 - 前端响应内容: {"answer": "”“用Python统计", "sources": [], "is_end": false}
2026-04-25 10:59:54 - INFO - app.core.graph:94 - --- 流式生成内容 --- ”“用Python统计
2026-04-25 10:59:54 - INFO - app.api.routes:98 - 事件类型: on_chat_model_stream
2026-04-25 10:59:54 - INFO - app.core.graph:94 - --- 流式生成内容 --- 一段文本的词频”
"sources": [], "is_end": false}
2026-04-25 10:59:55 - INFO - app.api.routes:98 - 事件类型: on_chat_model_stream
2026-04-25 10:59:55 - INFO - app.core.graph:94 - --- 流式生成内容 --- ——欢迎随时告诉我，
2026-04-25 10:59:55 - INFO - __main__:50 - 前端响应内容: {"answer": "——欢迎随时告诉我，", "sources": [], "is_end": false}
2026-04-25 10:59:55 - INFO - app.api.routes:98 - 事件类型: on_chat_model_stream
2026-04-25 10:59:55 - INFO - app.core.graph:94 - --- 流式生成内容 --- 我会尽力为你清晰
2026-04-25 10:59:55 - INFO - __main__:50 - 前端响应内容: {"answer": "我会尽力为你清晰", "sources": [], "is_end": false}
2026-04-25 10:59:55 - INFO - app.api.routes:98 - 事件类型: on_chat_model_stream
2026-04-25 10:59:55 - INFO - app.core.graph:94 - --- 流式生成内容 --- 、实用、有
2026-04-25 10:59:55 - INFO - __main__:50 - 前端响应内容: {"answer": "、实用、有", "sources": [], "is_end": false}
2026-04-25 10:59:55 - INFO - app.api.routes:98 - 事件类型: on_chat_model_stream
2026-04-25 10:59:55 - INFO - app.core.graph:94 - --- 流式生成内容 --- 温度地协助！😊
2026-04-25 10:59:55 - INFO - __main__:50 - 前端响应内容: {"answer": "温度地协助！😊", "sources": [], "is_end": false}
2026-04-25 10:59:55 - INFO - app.api.routes:98 - 事件类型: on_chat_model_stream
2026-04-25 10:59:55 - INFO - app.api.routes:98 - 事件类型: on_chat_model_end
2026-04-25 10:59:55 - INFO - app.core.graph:102 - --- 回答生成完成 ---
2026-04-25 10:59:55 - INFO - app.api.routes:98 - 事件类型: on_chain_start
2026-04-25 10:59:55 - INFO - app.api.routes:98 - 事件类型: on_chain_end
2026-04-25 10:59:55 - INFO - app.api.routes:98 - 事件类型: on_chain_stream
2026-04-25 10:59:55 - INFO - app.api.routes:98 - 事件类型: on_chain_end
2026-04-25 10:59:55 - INFO - app.api.routes:98 - 事件类型: on_chain_stream
2026-04-25 10:59:55 - INFO - app.api.routes:98 - 事件类型: on_chain_end
2026-04-25 10:59:55 - INFO - __main__:50 - 前端响应内容: {"answer": "", "sources": [], "is_end": true}
2026-04-25 12:38:15 - INFO - app.api.routes:98 - 事件类型: on_chain_start
2026-04-25 12:38:15 - INFO - app.api.routes:98 - 事件类型: on_chain_start
2026-04-25 12:38:15 - INFO - app.api.routes:98 - 事件类型: on_chain_start
2026-04-25 12:38:15 - INFO - app.api.routes:98 - 事件类型: on_chain_end
2026-04-25 12:38:15 - INFO - app.api.routes:98 - 事件类型: on_chain_start
2026-04-25 12:38:15 - INFO - app.api.routes:98 - 事件类型: on_chain_end
2026-04-25 12:38:15 - INFO - app.api.routes:98 - 事件类型: on_chain_stream
2026-04-25 12:38:15 - INFO - app.api.routes:98 - 事件类型: on_chain_end
2026-04-25 12:38:15 - INFO - app.api.routes:98 - 事件类型: on_chain_start
2026-04-25 12:38:15 - INFO - app.core.graph:34 - --- 正在为租户 tenant_A 检索资料 ---
2026-04-25 12:38:20 - INFO - app.core.rag_engine:58 - 为租户 tenant_A 初始化 RAG 引擎
2026-04-25 12:38:20 - ERROR - app.core.rag_engine:79 - 加载向量库失败: Error in __cdecl faiss::FileIOReader::FileIOReader(const char *) at D:\a\faiss-wheels\faiss-wheels\third-party\faiss\faiss\impl\io.cpp:70: Error: 'f' failed: could not open storage\tenant_A\index\index.faiss for reading: No such file or directory
Traceback (most recent call last):
  File "D:\HJ\PythonProject\enterprise_knowledge_base\app\core\rag_engine.py", line 73, in load_vector_store
    return FAISS.load_local(
  File "E:\python\envs_dirs\py310\lib\site-packages\langchain_community\vectorstores\faiss.py", line 1205, in load_local
    index = faiss.read_index(str(path / f"{index_name}.faiss"))
  File "E:\python\envs_dirs\py310\lib\site-packages\faiss\swigfaiss_avx2.py", line 12913, in read_index
    return _swigfaiss_avx2.read_index(*args)
RuntimeError: Error in __cdecl faiss::FileIOReader::FileIOReader(const char *) at D:\a\faiss-wheels\faiss-wheels\third-party\faiss\faiss\impl\io.cpp:70: Error: 'f' failed: could not open storage\tenant_A\index\index.faiss for reading: No such file or directory
2026-04-25 12:38:20 - INFO - app.api.routes:98 - 事件类型: on_chain_start
2026-04-25 12:38:20 - INFO - app.api.routes:98 - 事件类型: on_chain_end
2026-04-25 12:38:20 - INFO - app.api.routes:98 - 事件类型: on_chain_stream
2026-04-25 12:38:20 - INFO - app.api.routes:98 - 事件类型: on_chain_end
2026-04-25 12:38:20 - INFO - app.api.routes:98 - 事件类型: on_chain_stream
2026-04-25 12:38:20 - INFO - app.api.routes:98 - 事件类型: on_chain_start
2026-04-25 12:38:20 - INFO - app.core.graph:51 - --- 正在生成回答 ---
2026-04-25 12:38:20 - WARNING - app.core.graph:62 - 未找到参考资料 (context_docs 为空)
2026-04-25 12:38:20 - INFO - app.core.graph:86 - 使用通用模式回答（无参考资料）
2026-04-25 12:38:21 - INFO - app.core.graph:103 - --- 回答生成完成 ---
2026-04-25 12:38:21 - INFO - app.api.routes:98 - 事件类型: on_chat_model_start
2026-04-25 12:38:21 - INFO - app.api.routes:98 - 事件类型: on_chat_model_stream
2026-04-25 12:38:21 - INFO - app.api.routes:98 - 事件类型: on_chat_model_stream
2026-04-25 12:38:21 - INFO - app.api.routes:98 - 事件类型: on_chat_model_stream
2026-04-25 12:38:21 - INFO - __main__:50 - 前端响应内容: {"answer": "你好", "sources": [], "is_end": false}
2026-04-25 12:38:21 - INFO - app.api.routes:98 - 事件类型: on_chat_model_stream
2026-04-25 12:38:21 - INFO - app.api.routes:98 - 事件类型: on_chat_model_stream
2026-04-25 12:38:21 - INFO - app.api.routes:98 - 事件类型: on_chat_model_stream
2026-04-25 12:38:21 - INFO - app.api.routes:98 - 事件类型: on_chat_model_stream
2026-04-25 12:38:21 - INFO - app.api.routes:98 - 事件类型: on_chat_model_stream
2026-04-25 12:38:21 - INFO - app.api.routes:98 - 事件类型: on_chat_model_stream
2026-04-25 12:38:21 - INFO - app.api.routes:98 - 事件类型: on_chat_model_end
2026-04-25 12:38:21 - INFO - app.api.routes:98 - 事件类型: on_chain_start
2026-04-25 12:38:21 - INFO - __main__:50 - 前端响应内容: {"answer": "！很高兴见到", "sources": [], "is_end": false}
2026-04-25 12:38:21 - INFO - app.api.routes:98 - 事件类型: on_chain_end
2026-04-25 12:38:21 - INFO - app.api.routes:98 - 事件类型: on_chain_stream
2026-04-25 12:38:21 - INFO - app.api.routes:98 - 事件类型: on_chain_end
2026-04-25 12:38:21 - INFO - __main__:50 - 前端响应内容: {"answer": "你～", "sources": [], "is_end": false}
2026-04-25 12:38:21 - INFO - app.api.routes:98 - 事件类型: on_chain_end
2026-04-25 12:38:21 - INFO - __main__:50 - 前端响应内容: {"answer": "有什么", "sources": [], "is_end": false}
2026-04-25 12:38:21 - INFO - __main__:50 - 前端响应内容: {"answer": "问题或需要帮助", "sources": [], "is_end": false}
2026-04-25 12:38:21 - INFO - __main__:50 - 前端响应内容: {"answer": "的地方，随时告诉我哦", "sources": [], "is_end": false}
2026-04-25 12:38:21 - INFO - __main__:50 - 前端响应内容: {"answer": "！😊", "sources": [], "is_end": false}
2026-04-25 12:38:21 - INFO - __main__:50 - 前端响应内容: {"answer": "", "sources": [], "is_end": true}
2026-04-25 12:38:28 - INFO - app.api.routes:98 - 事件类型: on_chain_start
2026-04-25 12:38:28 - INFO - app.api.routes:98 - 事件类型: on_chain_start
2026-04-25 12:38:28 - INFO - app.api.routes:98 - 事件类型: on_chain_start
2026-04-25 12:38:28 - INFO - app.api.routes:98 - 事件类型: on_chain_end
2026-04-25 12:38:28 - INFO - app.api.routes:98 - 事件类型: on_chain_start
2026-04-25 12:38:28 - INFO - app.api.routes:98 - 事件类型: on_chain_end
2026-04-25 12:38:28 - INFO - app.api.routes:98 - 事件类型: on_chain_stream
2026-04-25 12:38:28 - INFO - app.api.routes:98 - 事件类型: on_chain_end
2026-04-25 12:38:28 - INFO - app.api.routes:98 - 事件类型: on_chain_start
2026-04-25 12:38:28 - INFO - app.core.graph:34 - --- 正在为租户 tenant_A 检索资料 ---
2026-04-25 12:38:28 - INFO - app.core.rag_engine:58 - 为租户 tenant_A 初始化 RAG 引擎
2026-04-25 12:38:28 - ERROR - app.core.rag_engine:79 - 加载向量库失败: Error in __cdecl faiss::FileIOReader::FileIOReader(const char *) at D:\a\faiss-wheels\faiss-wheels\third-party\faiss\faiss\impl\io.cpp:70: Error: 'f' failed: could not open storage\tenant_A\index\index.faiss for reading: No such file or directory
Traceback (most recent call last):
  File "D:\HJ\PythonProject\enterprise_knowledge_base\app\core\rag_engine.py", line 73, in load_vector_store
    return FAISS.load_local(
  File "E:\python\envs_dirs\py310\lib\site-packages\langchain_community\vectorstores\faiss.py", line 1205, in load_local
    index = faiss.read_index(str(path / f"{index_name}.faiss"))
  File "E:\python\envs_dirs\py310\lib\site-packages\faiss\swigfaiss_avx2.py", line 12913, in read_index
    return _swigfaiss_avx2.read_index(*args)
RuntimeError: Error in __cdecl faiss::FileIOReader::FileIOReader(const char *) at D:\a\faiss-wheels\faiss-wheels\third-party\faiss\faiss\impl\io.cpp:70: Error: 'f' failed: could not open storage\tenant_A\index\index.faiss for reading: No such file or directory
2026-04-25 12:38:28 - INFO - app.api.routes:98 - 事件类型: on_chain_start
2026-04-25 12:38:28 - INFO - app.api.routes:98 - 事件类型: on_chain_end
2026-04-25 12:38:28 - INFO - app.api.routes:98 - 事件类型: on_chain_stream
2026-04-25 12:38:28 - INFO - app.api.routes:98 - 事件类型: on_chain_end
2026-04-25 12:38:28 - INFO - app.api.routes:98 - 事件类型: on_chain_stream
2026-04-25 12:38:28 - INFO - app.api.routes:98 - 事件类型: on_chain_start
2026-04-25 12:38:28 - INFO - app.core.graph:51 - --- 正在生成回答 ---
2026-04-25 12:38:28 - WARNING - app.core.graph:62 - 未找到参考资料 (context_docs 为空)
2026-04-25 12:38:28 - INFO - app.core.graph:86 - 使用通用模式回答（无参考资料）
2026-04-25 12:38:32 - INFO - app.core.graph:103 - --- 回答生成完成 ---
2026-04-25 12:38:32 - INFO - app.api.routes:98 - 事件类型: on_chat_model_start
2026-04-25 12:38:32 - INFO - app.api.routes:98 - 事件类型: on_chat_model_stream
2026-04-25 12:38:32 - INFO - app.api.routes:98 - 事件类型: on_chat_model_stream
2026-04-25 12:38:32 - INFO - app.api.routes:98 - 事件类型: on_chat_model_stream
2026-04-25 12:38:32 - INFO - __main__:50 - 前端响应内容: {"answer": "我", "sources": [], "is_end": false}
2026-04-25 12:38:32 - INFO - app.api.routes:98 - 事件类型: on_chat_model_stream
2026-04-25 12:38:32 - INFO - app.api.routes:98 - 事件类型: on_chat_model_stream
2026-04-25 12:38:32 - INFO - app.api.routes:98 - 事件类型: on_chat_model_stream
2026-04-25 12:38:32 - INFO - app.api.routes:98 - 事件类型: on_chat_model_stream
2026-04-25 12:38:32 - INFO - app.api.routes:98 - 事件类型: on_chat_model_stream
2026-04-25 12:38:32 - INFO - app.api.routes:98 - 事件类型: on_chat_model_stream
2026-04-25 12:38:32 - INFO - app.api.routes:98 - 事件类型: on_chat_model_stream
2026-04-25 12:38:32 - INFO - app.api.routes:98 - 事件类型: on_chat_model_stream
2026-04-25 12:38:32 - INFO - __main__:50 - 前端响应内容: {"answer": "无法", "sources": [], "is_end": false}
2026-04-25 12:38:32 - INFO - app.api.routes:98 - 事件类型: on_chat_model_stream
2026-04-25 12:38:32 - INFO - app.api.routes:98 - 事件类型: on_chat_model_stream
2026-04-25 12:38:32 - INFO - app.api.routes:98 - 事件类型: on_chat_model_stream
2026-04-25 12:38:32 - INFO - app.api.routes:98 - 事件类型: on_chat_model_stream
2026-04-25 12:38:32 - INFO - app.api.routes:98 - 事件类型: on_chat_model_stream
2026-04-25 12:38:32 - INFO - app.api.routes:98 - 事件类型: on_chat_model_stream
2026-04-25 12:38:32 - INFO - app.api.routes:98 - 事件类型: on_chat_model_stream
2026-04-25 12:38:32 - INFO - __main__:50 - 前端响应内容: {"answer": "实时获取当前", "sources": [], "is_end": false}
2026-04-25 12:38:32 - INFO - app.api.routes:98 - 事件类型: on_chat_model_stream
2026-04-25 12:38:32 - INFO - app.api.routes:98 - 事件类型: on_chat_model_stream
2026-04-25 12:38:32 - INFO - app.api.routes:98 - 事件类型: on_chat_model_stream
2026-04-25 12:38:32 - INFO - app.api.routes:98 - 事件类型: on_chat_model_stream
2026-04-25 12:38:32 - INFO - app.api.routes:98 - 事件类型: on_chat_model_stream
2026-04-25 12:38:32 - INFO - app.api.routes:98 - 事件类型: on_chat_model_stream
2026-04-25 12:38:32 - INFO - app.api.routes:98 - 事件类型: on_chat_model_stream
2026-04-25 12:38:32 - INFO - app.api.routes:98 - 事件类型: on_chat_model_stream
2026-04-25 12:38:32 - INFO - __main__:50 - 前端响应内容: {"answer": "日期和", "sources": [], "is_end": false}
2026-04-25 12:38:32 - INFO - app.api.routes:98 - 事件类型: on_chat_model_stream
2026-04-25 12:38:32 - INFO - app.api.routes:98 - 事件类型: on_chat_model_stream
2026-04-25 12:38:32 - INFO - app.api.routes:98 - 事件类型: on_chat_model_stream
2026-04-25 12:38:32 - INFO - app.api.routes:98 - 事件类型: on_chat_model_stream
2026-04-25 12:38:32 - INFO - app.api.routes:98 - 事件类型: on_chat_model_stream
2026-04-25 12:38:32 - INFO - __main__:50 - 前端响应内容: {"answer": "星期信息，因为我的", "sources": [], "is_end": false}
2026-04-25 12:38:32 - INFO - app.api.routes:98 - 事件类型: on_chat_model_stream
2026-04-25 12:38:32 - INFO - __main__:50 - 前端响应内容: {"answer": "知识截止于202", "sources": [], "is_end": false}
2026-04-25 12:38:32 - INFO - app.api.routes:98 - 事件类型: on_chat_model_stream
2026-04-25 12:38:32 - INFO - app.api.routes:98 - 事件类型: on_chat_model_end
2026-04-25 12:38:32 - INFO - app.api.routes:98 - 事件类型: on_chain_start
2026-04-25 12:38:32 - INFO - app.api.routes:98 - 事件类型: on_chain_end
��，且", "sources": [], "is_end": false}
2026-04-25 12:38:32 - INFO - app.api.routes:98 - 事件类型: on_chain_stream
2026-04-25 12:38:32 - INFO - __main__:50 - 前端响应内容: {"answer": "不具备联网或访问", "sources": [], "is_end": false}
2026-04-25 12:38:32 - INFO - app.api.routes:98 - 事件类型: on_chain_end
2026-04-25 12:38:32 - INFO - app.api.routes:98 - 事件类型: on_chain_stream
2026-04-25 12:38:32 - INFO - __main__:50 - 前端响应内容: {"answer": "系统时间的功能。\n\n", "sources": [], "is_end": false}
2026-04-25 12:38:32 - INFO - app.api.routes:98 - 事件类型: on_chain_end
2026-04-25 12:38:32 - INFO - __main__:50 - 前端响应内容: {"answer": "你可以通过以下方式", "sources": [], "is_end": false}
2026-04-25 12:38:32 - INFO - __main__:50 - 前端响应内容: {"answer": "快速查看今天是", "sources": [], "is_end": false}
2026-04-25 12:38:32 - INFO - __main__:50 - 前端响应内容: {"answer": "星期几：\n- 查", "sources": [], "is_end": false}
2026-04-25 12:38:32 - INFO - __main__:50 - 前端响应内容: {"answer": "看手机、电脑桌面", "sources": [], "is_end": false}
2026-04-25 12:38:32 - INFO - __main__:50 - 前端响应内容: {"answer": "右下角（", "sources": [], "is_end": false}
2026-04-25 12:38:32 - INFO - __main__:50 - 前端响应内容: {"answer": "Windows）或右上", "sources": [], "is_end": false}
2026-04-25 12:38:32 - INFO - __main__:50 - 前端响应内容: {"answer": "角（macOS）的", "sources": [], "is_end": false}
2026-04-25 12:38:32 - INFO - __main__:50 - 前端响应内容: {"answer": "系统时间；\n- 在", "sources": [], "is_end": false}
2026-04-25 12:38:32 - INFO - __main__:50 - 前端响应内容: {"answer": "搜索引擎中输入“今天", "sources": [], "is_end": false}
2026-04-25 12:38:32 - INFO - __main__:50 - 前端响应内容: {"answer": "星期几”或“current", "sources": [], "is_end": false}
2026-04-25 12:38:32 - INFO - __main__:50 - 前端响应内容: {"answer": " date”，会显示", "sources": [], "is_end": false}
2026-04-25 12:38:32 - INFO - __main__:50 - 前端响应内容: {"answer": "实时结果；\n-", "sources": [], "is_end": false}
2026-04-25 12:38:32 - INFO - __main__:50 - 前端响应内容: {"answer": " 询问智能音箱", "sources": [], "is_end": false}
2026-04-25 12:38:32 - INFO - __main__:50 - 前端响应内容: {"answer": "（如小爱", "sources": [], "is_end": false}
2026-04-25 12:38:32 - INFO - __main__:50 - 前端响应内容: {"answer": "同学、Siri、小", "sources": [], "is_end": false}
2026-04-25 12:38:32 - INFO - __main__:50 - 前端响应内容: {"answer": "度等）：“", "sources": [], "is_end": false}
2026-04-25 12:38:32 - INFO - __main__:50 - 前端响应内容: {"answer": "今天星期几？", "sources": [], "is_end": false}
2026-04-25 12:38:32 - INFO - __main__:50 - 前端响应内容: {"answer": "”\n\n如果你告诉我今天的", "sources": [], "is_end": false}
2026-04-25 12:38:32 - INFO - __main__:50 - 前端响应内容: {"answer": "日期（例如：20", "sources": [], "is_end": false}
2026-04-25 12:38:32 - INFO - __main__:50 - 前端响应内容: {"answer": "24年6", "sources": [], "is_end": false}
2026-04-25 12:38:32 - INFO - __main__:50 - 前端响应内容: {"answer": "月15日），我可以", "sources": [], "is_end": false}
2026-04-25 12:38:32 - INFO - __main__:50 - 前端响应内容: {"answer": "帮你推算出对应的", "sources": [], "is_end": false}
2026-04-25 12:38:32 - INFO - __main__:50 - 前端响应内容: {"answer": "星期几。😊", "sources": [], "is_end": false}
2026-04-25 12:38:32 - INFO - __main__:50 - 前端响应内容: {"answer": "", "sources": [], "is_end": true}
2026-04-25 12:38:45 - INFO - app.api.routes:98 - 事件类型: on_chain_start
2026-04-25 12:38:45 - INFO - app.api.routes:98 - 事件类型: on_chain_start
2026-04-25 12:38:45 - INFO - app.api.routes:98 - 事件类型: on_chain_start
2026-04-25 12:38:45 - INFO - app.api.routes:98 - 事件类型: on_chain_end
2026-04-25 12:38:45 - INFO - app.api.routes:98 - 事件类型: on_chain_start
2026-04-25 12:38:45 - INFO - app.api.routes:98 - 事件类型: on_chain_end
2026-04-25 12:38:45 - INFO - app.api.routes:98 - 事件类型: on_chain_stream
2026-04-25 12:38:45 - INFO - app.api.routes:98 - 事件类型: on_chain_end
2026-04-25 12:38:45 - INFO - app.api.routes:98 - 事件类型: on_chain_start
2026-04-25 12:38:45 - INFO - app.core.graph:34 - --- 正在为租户 tenant_A 检索资料 ---
2026-04-25 12:38:45 - INFO - app.core.rag_engine:58 - 为租户 tenant_A 初始化 RAG 引擎
2026-04-25 12:38:45 - ERROR - app.core.rag_engine:79 - 加载向量库失败: Error in __cdecl faiss::FileIOReader::FileIOReader(const char *) at D:\a\faiss-wheels\faiss-wheels\third-party\faiss\faiss\impl\io.cpp:70: Error: 'f' failed: could not open storage\tenant_A\index\index.faiss for reading: No such file or directory
Traceback (most recent call last):
  File "D:\HJ\PythonProject\enterprise_knowledge_base\app\core\rag_engine.py", line 73, in load_vector_store
    return FAISS.load_local(
  File "E:\python\envs_dirs\py310\lib\site-packages\langchain_community\vectorstores\faiss.py", line 1205, in load_local
    index = faiss.read_index(str(path / f"{index_name}.faiss"))
  File "E:\python\envs_dirs\py310\lib\site-packages\faiss\swigfaiss_avx2.py", line 12913, in read_index
    return _swigfaiss_avx2.read_index(*args)
RuntimeError: Error in __cdecl faiss::FileIOReader::FileIOReader(const char *) at D:\a\faiss-wheels\faiss-wheels\third-party\faiss\faiss\impl\io.cpp:70: Error: 'f' failed: could not open storage\tenant_A\index\index.faiss for reading: No such file or directory
2026-04-25 12:38:45 - INFO - app.api.routes:98 - 事件类型: on_chain_start
2026-04-25 12:38:45 - INFO - app.api.routes:98 - 事件类型: on_chain_end
2026-04-25 12:38:45 - INFO - app.api.routes:98 - 事件类型: on_chain_stream
2026-04-25 12:38:45 - INFO - app.api.routes:98 - 事件类型: on_chain_end
2026-04-25 12:38:45 - INFO - app.api.routes:98 - 事件类型: on_chain_stream
2026-04-25 12:38:45 - INFO - app.api.routes:98 - 事件类型: on_chain_start
2026-04-25 12:38:45 - INFO - app.core.graph:51 - --- 正在生成回答 ---
2026-04-25 12:38:45 - WARNING - app.core.graph:62 - 未找到参考资料 (context_docs 为空)
2026-04-25 12:38:45 - INFO - app.core.graph:86 - 使用通用模式回答（无参考资料）
2026-04-25 12:38:56 - INFO - app.core.graph:103 - --- 回答生成完成 ---
2026-04-25 12:38:56 - INFO - app.api.routes:98 - 事件类型: on_chat_model_start
2026-04-25 12:38:56 - INFO - app.api.routes:98 - 事件类型: on_chat_model_stream
2026-04-25 12:38:56 - INFO - app.api.routes:98 - 事件类型: on_chat_model_stream
2026-04-25 12:38:56 - INFO - app.api.routes:98 - 事件类型: on_chat_model_stream
2026-04-25 12:38:56 - INFO - __main__:50 - 前端响应内容: {"answer": "当然", "sources": [], "is_end": false}
2026-04-25 12:38:56 - INFO - app.api.routes:98 - 事件类型: on_chat_model_stream
2026-04-25 12:38:56 - INFO - app.api.routes:98 - 事件类型: on_chat_model_stream
2026-04-25 12:38:56 - INFO - app.api.routes:98 - 事件类型: on_chat_model_stream
2026-04-25 12:38:56 - INFO - app.api.routes:98 - 事件类型: on_chat_model_stream
2026-04-25 12:38:56 - INFO - app.api.routes:98 - 事件类型: on_chat_model_stream
2026-04-25 12:38:56 - INFO - app.api.routes:98 - 事件类型: on_chat_model_stream
2026-04-25 12:38:56 - INFO - app.api.routes:98 - 事件类型: on_chat_model_stream
2026-04-25 12:38:56 - INFO - app.api.routes:98 - 事件类型: on_chat_model_stream
2026-04-25 12:38:56 - INFO - app.api.routes:98 - 事件类型: on_chat_model_stream
2026-04-25 12:38:56 - INFO - __main__:50 - 前端响应内容: {"answer": "可以！作为", "sources": [], "is_end": false}
2026-04-25 12:38:56 - INFO - app.api.routes:98 - 事件类型: on_chat_model_stream
2026-04-25 12:38:56 - INFO - app.api.routes:98 - 事件类型: on_chat_model_stream
2026-04-25 12:38:56 - INFO - app.api.routes:98 - 事件类型: on_chat_model_stream
2026-04-25 12:38:56 - INFO - app.api.routes:98 - 事件类型: on_chat_model_stream
2026-04-25 12:38:56 - INFO - app.api.routes:98 - 事件类型: on_chat_model_stream
2026-04-25 12:38:56 - INFO - app.api.routes:98 - 事件类型: on_chat_model_stream
2026-04-25 12:38:56 - INFO - app.api.routes:98 - 事件类型: on_chat_model_stream
2026-04-25 12:38:56 - INFO - app.api.routes:98 - 事件类型: on_chat_model_stream
sources": [], "is_end": false}
2026-04-25 12:38:56 - INFO - app.api.routes:98 - 事件类型: on_chat_model_stream
2026-04-25 12:38:56 - INFO - app.api.routes:98 - 事件类型: on_chat_model_stream
2026-04-25 12:38:56 - INFO - app.api.routes:98 - 事件类型: on_chat_model_stream
2026-04-25 12:38:56 - INFO - app.api.routes:98 - 事件类型: on_chat_model_stream
2026-04-25 12:38:56 - INFO - app.api.routes:98 - 事件类型: on_chat_model_stream
2026-04-25 12:38:56 - INFO - app.api.routes:98 - 事件类型: on_chat_model_stream
2026-04-25 12:38:56 - INFO - app.api.routes:98 - 事件类型: on_chat_model_stream
2026-04-25 12:38:56 - INFO - app.api.routes:98 - 事件类型: on_chat_model_stream
2026-04-25 12:38:56 - INFO - __main__:50 - 前端响应内容: {"answer": "智能助手，", "sources": [], "is_end": false}
2026-04-25 12:38:56 - INFO - app.api.routes:98 - 事件类型: on_chat_model_stream
2026-04-25 12:38:56 - INFO - app.api.routes:98 - 事件类型: on_chat_model_stream
2026-04-25 12:38:56 - INFO - app.api.routes:98 - 事件类型: on_chat_model_stream
2026-04-25 12:38:56 - INFO - app.api.routes:98 - 事件类型: on_chat_model_stream
2026-04-25 12:38:56 - INFO - app.api.routes:98 - 事件类型: on_chat_model_stream
2026-04-25 12:38:56 - INFO - app.api.routes:98 - 事件类型: on_chat_model_stream
2026-04-25 12:38:56 - INFO - app.api.routes:98 - 事件类型: on_chat_model_stream
2026-04-25 12:38:56 - INFO - app.api.routes:98 - 事件类型: on_chat_model_stream
2026-04-25 12:38:56 - INFO - app.api.routes:98 - 事件类型: on_chat_model_stream
2026-04-25 12:38:56 - INFO - app.api.routes:98 - 事件类型: on_chat_model_stream
2026-04-25 12:38:56 - INFO - app.api.routes:98 - 事件类型: on_chat_model_stream
2026-04-25 12:38:56 - INFO - app.api.routes:98 - 事件类型: on_chat_model_stream
��你提供多", "sources": [], "is_end": false}
2026-04-25 12:38:56 - INFO - app.api.routes:98 - 事件类型: on_chat_model_stream
2026-04-25 12:38:56 - INFO - app.api.routes:98 - 事件类型: on_chat_model_stream
2026-04-25 12:38:56 - INFO - app.api.routes:98 - 事件类型: on_chat_model_stream
2026-04-25 12:38:56 - INFO - app.api.routes:98 - 事件类型: on_chat_model_stream
2026-04-25 12:38:56 - INFO - app.api.routes:98 - 事件类型: on_chat_model_stream
2026-04-25 12:38:56 - INFO - app.api.routes:98 - 事件类型: on_chat_model_stream
2026-04-25 12:38:56 - INFO - app.api.routes:98 - 事件类型: on_chat_model_stream
2026-04-25 12:38:56 - INFO - app.api.routes:98 - 事件类型: on_chat_model_stream
2026-04-25 12:38:56 - INFO - __main__:50 - 前端响应内容: {"answer": "方面的帮助，例如", "sources": [], "is_end": false}
2026-04-25 12:38:56 - INFO - app.api.routes:98 - 事件类型: on_chat_model_stream
2026-04-25 12:38:56 - INFO - app.api.routes:98 - 事件类型: on_chat_model_stream
2026-04-25 12:38:56 - INFO - app.api.routes:98 - 事件类型: on_chat_model_stream
2026-04-25 12:38:56 - INFO - app.api.routes:98 - 事件类型: on_chat_model_stream
2026-04-25 12:38:56 - INFO - app.api.routes:98 - 事件类型: on_chat_model_stream
2026-04-25 12:38:56 - INFO - app.api.routes:98 - 事件类型: on_chat_model_stream
2026-04-25 12:38:56 - INFO - app.api.routes:98 - 事件类型: on_chat_model_stream
2026-04-25 12:38:56 - INFO - app.api.routes:98 - 事件类型: on_chat_model_stream
2026-04-25 12:38:56 - INFO - __main__:50 - 前端响应内容: {"answer": "：\n\n✅ **信息", "sources": [], "is_end": false}
2026-04-25 12:38:56 - INFO - app.api.routes:98 - 事件类型: on_chat_model_stream
2026-04-25 12:38:56 - INFO - app.api.routes:98 - 事件类型: on_chat_model_stream
2026-04-25 12:38:56 - INFO - app.api.routes:98 - 事件类型: on_chat_model_stream
2026-04-25 12:38:56 - INFO - app.api.routes:98 - 事件类型: on_chat_model_stream
2026-04-25 12:38:56 - INFO - app.api.routes:98 - 事件类型: on_chat_model_stream
2026-04-25 12:38:56 - INFO - app.api.routes:98 - 事件类型: on_chat_model_stream
2026-04-25 12:38:56 - INFO - app.api.routes:98 - 事件类型: on_chat_model_stream
2026-04-25 12:38:56 - INFO - app.api.routes:98 - 事件类型: on_chat_model_stream
2026-04-25 12:38:56 - INFO - app.api.routes:98 - 事件类型: on_chat_model_stream
2026-04-25 12:38:56 - INFO - __main__:50 - 前端响应内容: {"answer": "查询与知识解答", "sources": [], "is_end": false}
2026-04-25 12:38:56 - INFO - app.api.routes:98 - 事件类型: on_chat_model_stream
2026-04-25 12:38:56 - INFO - app.api.routes:98 - 事件类型: on_chat_model_stream
2026-04-25 12:38:56 - INFO - app.api.routes:98 - 事件类型: on_chat_model_stream
2026-04-25 12:38:56 - INFO - app.api.routes:98 - 事件类型: on_chat_model_stream
2026-04-25 12:38:56 - INFO - app.api.routes:98 - 事件类型: on_chat_model_stream
2026-04-25 12:38:56 - INFO - app.api.routes:98 - 事件类型: on_chat_model_stream
2026-04-25 12:38:56 - INFO - app.api.routes:98 - 事件类型: on_chat_model_stream
2026-04-25 12:38:56 - INFO - app.api.routes:98 - 事件类型: on_chat_model_stream
2026-04-25 12:38:56 - INFO - __main__:50 - 前端响应内容: {"answer": "**  \n- 解", "sources": [], "is_end": false}
2026-04-25 12:38:56 - INFO - app.api.routes:98 - 事件类型: on_chat_model_stream
2026-04-25 12:38:56 - INFO - app.api.routes:98 - 事件类型: on_chat_model_stream
2026-04-25 12:38:56 - INFO - app.api.routes:98 - 事件类型: on_chat_model_stream
2026-04-25 12:38:56 - INFO - app.api.routes:98 - 事件类型: on_chat_model_stream
2026-04-25 12:38:56 - INFO - app.api.routes:98 - 事件类型: on_chat_model_stream
2026-04-25 12:38:56 - INFO - app.api.routes:98 - 事件类型: on_chat_model_stream
2026-04-25 12:38:56 - INFO - app.api.routes:98 - 事件类型: on_chat_model_stream
2026-04-25 12:38:56 - INFO - app.api.routes:98 - 事件类型: on_chat_model_stream
2026-04-25 12:38:56 - INFO - __main__:50 - 前端响应内容: {"answer": "释科学、历史", "sources": [], "is_end": false}
2026-04-25 12:38:56 - INFO - app.api.routes:98 - 事件类型: on_chat_model_stream
2026-04-25 12:38:56 - INFO - app.api.routes:98 - 事件类型: on_chat_model_stream
2026-04-25 12:38:56 - INFO - app.api.routes:98 - 事件类型: on_chat_model_stream
2026-04-25 12:38:56 - INFO - app.api.routes:98 - 事件类型: on_chat_model_stream
2026-04-25 12:38:56 - INFO - app.api.routes:98 - 事件类型: on_chat_model_stream
2026-04-25 12:38:56 - INFO - app.api.routes:98 - 事件类型: on_chat_model_stream
2026-04-25 12:38:56 - INFO - app.api.routes:98 - 事件类型: on_chat_model_stream
2026-04-25 12:38:56 - INFO - app.api.routes:98 - 事件类型: on_chat_model_stream
2026-04-25 12:38:56 - INFO - app.api.routes:98 - 事件类型: on_chat_model_stream
2026-04-25 12:38:56 - INFO - app.api.routes:98 - 事件类型: on_chat_model_stream
2026-04-25 12:38:56 - INFO - __main__:50 - 前端响应内容: {"answer": "、文化、技术", "sources": [], "is_end": false}
2026-04-25 12:38:56 - INFO - app.api.routes:98 - 事件类型: on_chat_model_stream
2026-04-25 12:38:56 - INFO - app.api.routes:98 - 事件类型: on_chat_model_stream
2026-04-25 12:38:56 - INFO - app.api.routes:98 - 事件类型: on_chat_model_stream
2026-04-25 12:38:56 - INFO - app.api.routes:98 - 事件类型: on_chat_model_stream
2026-04-25 12:38:56 - INFO - app.api.routes:98 - 事件类型: on_chat_model_stream
2026-04-25 12:38:56 - INFO - app.api.routes:98 - 事件类型: on_chat_model_stream
2026-04-25 12:38:56 - INFO - app.api.routes:98 - 事件类型: on_chat_model_stream
2026-04-25 12:38:56 - INFO - app.api.routes:98 - 事件类型: on_chat_model_stream
2026-04-25 12:38:56 - INFO - app.api.routes:98 - 事件类型: on_chat_model_stream
2026-04-25 12:38:56 - INFO - app.api.routes:98 - 事件类型: on_chat_model_stream
��概念（", "sources": [], "is_end": false}
2026-04-25 12:38:56 - INFO - app.api.routes:98 - 事件类型: on_chat_model_stream
2026-04-25 12:38:56 - INFO - app.api.routes:98 - 事件类型: on_chat_model_stream
2026-04-25 12:38:56 - INFO - app.api.routes:98 - 事件类型: on_chat_model_stream
2026-04-25 12:38:56 - INFO - app.api.routes:98 - 事件类型: on_chat_model_stream
2026-04-25 12:38:56 - INFO - app.api.routes:98 - 事件类型: on_chat_model_stream
2026-04-25 12:38:56 - INFO - app.api.routes:98 - 事件类型: on_chat_model_stream
2026-04-25 12:38:56 - INFO - app.api.routes:98 - 事件类型: on_chat_model_stream
2026-04-25 12:38:56 - INFO - app.api.routes:98 - 事件类型: on_chat_model_end
2026-04-25 12:38:56 - INFO - app.api.routes:98 - 事件类型: on_chain_start
2026-04-25 12:38:56 - INFO - __main__:50 - 前端响应内容: {"answer": "如“量子纠缠", "sources": [], "is_end": false}
2026-04-25 12:38:56 - INFO - app.api.routes:98 - 事件类型: on_chain_end
�什么？”“唐朝", "sources": [], "is_end": false}
2026-04-25 12:38:56 - INFO - app.api.routes:98 - 事件类型: on_chain_stream
2026-04-25 12:38:56 - INFO - app.api.routes:98 - 事件类型: on_chain_end
2026-04-25 12:38:56 - INFO - __main__:50 - 前端响应内容: {"answer": "有哪些著名诗人？”", "sources": [], "is_end": false}
2026-04-25 12:38:56 - INFO - app.api.routes:98 - 事件类型: on_chain_stream
2026-04-25 12:38:56 - INFO - app.api.routes:98 - 事件类型: on_chain_end
2026-04-25 12:38:56 - INFO - __main__:50 - 前端响应内容: {"answer": "）  \n- 提", "sources": [], "is_end": false}
2026-04-25 12:38:56 - INFO - __main__:50 - 前端响应内容: {"answer": "供实时更新的常识性", "sources": [], "is_end": false}
2026-04-25 12:38:56 - INFO - __main__:50 - 前端响应内容: {"answer": "知识（截至我的", "sources": [], "is_end": false}
2026-04-25 12:38:56 - INFO - __main__:50 - 前端响应内容: {"answer": "训练截止时间2", "sources": [], "is_end": false}
2026-04-25 12:38:56 - INFO - __main__:50 - 前端响应内容: {"answer": "024年中", "sources": [], "is_end": false}
2026-04-25 12:38:56 - INFO - __main__:50 - 前端响应内容: {"answer": "）\n\n✅ **学习", "sources": [], "is_end": false}
2026-04-25 12:38:56 - INFO - __main__:50 - 前端响应内容: {"answer": "与教育支持**  \n", "sources": [], "is_end": false}
2026-04-25 12:38:56 - INFO - __main__:50 - 前端响应内容: {"answer": "- 辅导数学", "sources": [], "is_end": false}
2026-04-25 12:38:56 - INFO - __main__:50 - 前端响应内容: {"answer": "、物理、语文", "sources": [], "is_end": false}
2026-04-25 12:38:56 - INFO - __main__:50 - 前端响应内容: {"answer": "、英语等学科的", "sources": [], "is_end": false}
2026-04-25 12:38:56 - INFO - __main__:50 - 前端响应内容: {"answer": "题目解析与思路", "sources": [], "is_end": false}
2026-04-25 12:38:56 - INFO - __main__:50 - 前端响应内容: {"answer": "引导  \n-", "sources": [], "is_end": false}
2026-04-25 12:38:56 - INFO - __main__:50 - 前端响应内容: {"answer": " 帮助撰写", "sources": [], "is_end": false}
2026-04-25 12:38:56 - INFO - __main__:50 - 前端响应内容: {"answer": "/修改作文、读书", "sources": [], "is_end": false}
2026-04-25 12:38:56 - INFO - __main__:50 - 前端响应内容: {"answer": "报告、演讲稿、", "sources": [], "is_end": false}
2026-04-25 12:38:56 - INFO - __main__:50 - 前端响应内容: {"answer": "简历、求职信等", "sources": [], "is_end": false}
2026-04-25 12:38:56 - INFO - __main__:50 - 前端响应内容: {"answer": "  \n- 提供语言", "sources": [], "is_end": false}
2026-04-25 12:38:56 - INFO - __main__:50 - 前端响应内容: {"answer": "学习支持（中", "sources": [], "is_end": false}
2026-04-25 12:38:56 - INFO - __main__:50 - 前端响应内容: {"answer": "英互译、语法", "sources": [], "is_end": false}
2026-04-25 12:38:56 - INFO - __main__:50 - 前端响应内容: {"answer": "讲解、词汇拓展", "sources": [], "is_end": false}
2026-04-25 12:38:56 - INFO - __main__:50 - 前端响应内容: {"answer": "、写作润色）\n\n✅", "sources": [], "is_end": false}
2026-04-25 12:38:56 - INFO - __main__:50 - 前端响应内容: {"answer": " **内容创作与办公", "sources": [], "is_end": false}
2026-04-25 12:38:56 - INFO - __main__:50 - 前端响应内容: {"answer": "协助**  \n-", "sources": [], "is_end": false}
2026-04-25 12:38:56 - INFO - __main__:50 - 前端响应内容: {"answer": " 撰写", "sources": [], "is_end": false}
2026-04-25 12:38:57 - INFO - __main__:50 - 前端响应内容: {"answer": "或优化邮件、会议", "sources": [], "is_end": false}
2026-04-25 12:38:57 - INFO - __main__:50 - 前端响应内容: {"answer": "纪要、工作总结", "sources": [], "is_end": false}
2026-04-25 12:38:57 - INFO - __main__:50 - 前端响应内容: {"answer": "、策划方案、公众号", "sources": [], "is_end": false}
2026-04-25 12:38:57 - INFO - __main__:50 - 前端响应内容: {"answer": "文案等  \n- ", "sources": [], "is_end": false}
2026-04-25 12:38:57 - INFO - __main__:50 - 前端响应内容: {"answer": "生成创意标题、", "sources": [], "is_end": false}
2026-04-25 12:38:57 - INFO - __main__:50 - 前端响应内容: {"answer": "口号、故事梗", "sources": [], "is_end": false}
2026-04-25 12:38:57 - INFO - __main__:50 - 前端响应内容: {"answer": "概、诗歌、", "sources": [], "is_end": false}
2026-04-25 12:38:57 - INFO - __main__:50 - 前端响应内容: {"answer": "节日祝福语等  \n-", "sources": [], "is_end": false}
2026-04-25 12:38:57 - INFO - __main__:50 - 前端响应内容: {"answer": " 协助梳理", "sources": [], "is_end": false}
2026-04-25 12:38:57 - INFO - __main__:50 - 前端响应内容: {"answer": "逻辑、提炼要点、制作", "sources": [], "is_end": false}
2026-04-25 12:38:57 - INFO - __main__:50 - 前端响应内容: {"answer": "提纲或思维", "sources": [], "is_end": false}
2026-04-25 12:38:57 - INFO - __main__:50 - 前端响应内容: {"answer": "导图（文字版）\n\n", "sources": [], "is_end": false}
2026-04-25 12:38:57 - INFO - __main__:50 - 前端响应内容: {"answer": "✅ **生活与实用", "sources": [], "is_end": false}
2026-04-25 12:38:57 - INFO - __main__:50 - 前端响应内容: {"answer": "建议**  \n-", "sources": [], "is_end": false}
2026-04-25 12:38:57 - INFO - __main__:50 - 前端响应内容: {"answer": " 提供健康饮食、", "sources": [], "is_end": false}
2026-04-25 12:38:57 - INFO - __main__:50 - 前端响应内容: {"answer": "时间管理、情绪", "sources": [], "is_end": false}
2026-04-25 12:38:57 - INFO - __main__:50 - 前端响应内容: {"answer": "调节、高效学习等实用", "sources": [], "is_end": false}
2026-04-25 12:38:57 - INFO - __main__:50 - 前端响应内容: {"answer": "小贴士（", "sources": [], "is_end": false}
2026-04-25 12:38:57 - INFO - __main__:50 - 前端响应内容: {"answer": "非医疗建议）  \n-", "sources": [], "is_end": false}
2026-04-25 12:38:57 - INFO - __main__:50 - 前端响应内容: {"answer": " 推荐书籍", "sources": [], "is_end": false}
2026-04-25 12:38:57 - INFO - __main__:50 - 前端响应内容: {"answer": "、电影、学习", "sources": [], "is_end": false}
2026-04-25 12:38:57 - INFO - __main__:50 - 前端响应内容: {"answer": "资源或入门路径", "sources": [], "is_end": false}
2026-04-25 12:38:57 - INFO - __main__:50 - 前端响应内容: {"answer": "（如“零", "sources": [], "is_end": false}
2026-04-25 12:38:57 - INFO - __main__:50 - 前端响应内容: {"answer": "基础如何学Python？”", "sources": [], "is_end": false}
2026-04-25 12:38:57 - INFO - __main__:50 - 前端响应内容: {"answer": "）  \n-", "sources": [], "is_end": false}
2026-04-25 12:38:57 - INFO - __main__:50 - 前端响应内容: {"answer": " 帮助制定计划", "sources": [], "is_end": false}
2026-04-25 12:38:57 - INFO - __main__:50 - 前端响应内容: {"answer": "（如备考日", "sources": [], "is_end": false}
2026-04-25 12:38:57 - INFO - __main__:50 - 前端响应内容: {"answer": "程、旅行清单", "sources": [], "is_end": false}
2026-04-25 12:38:57 - INFO - __main__:50 - 前端响应内容: {"answer": "、习惯养成表", "sources": [], "is_end": false}
2026-04-25 12:38:57 - INFO - __main__:50 - 前端响应内容: {"answer": "）\n\n✅ **技术与工具", "sources": [], "is_end": false}
2026-04-25 12:38:57 - INFO - __main__:50 - 前端响应内容: {"answer": "辅助**  \n-", "sources": [], "is_end": false}
2026-04-25 12:38:57 - INFO - __main__:50 - 前端响应内容: {"answer": " 解释编程概念", "sources": [], "is_end": false}
2026-04-25 12:38:57 - INFO - __main__:50 - 前端响应内容: {"answer": "、调试思路（支持", "sources": [], "is_end": false}
2026-04-25 12:38:57 - INFO - __main__:50 - 前端响应内容: {"answer": "Python/JavaScript/SQL", "sources": [], "is_end": false}
2026-04-25 12:38:57 - INFO - __main__:50 - 前端响应内容: {"answer": "等常见语言）  \n", "sources": [], "is_end": false}
2026-04-25 12:38:57 - INFO - __main__:50 - 前端响应内容: {"answer": "- 编写/", "sources": [], "is_end": false}
2026-04-25 12:38:57 - INFO - __main__:50 - 前端响应内容: {"answer": "解读正则表达式", "sources": [], "is_end": false}
2026-04-25 12:38:57 - INFO - __main__:50 - 前端响应内容: {"answer": "、Shell命令、Markdown", "sources": [], "is_end": false}
2026-04-25 12:38:57 - INFO - __main__:50 - 前端响应内容: {"answer": "格式等  \n-", "sources": [], "is_end": false}
2026-04-25 12:38:57 - INFO - __main__:50 - 前端响应内容: {"answer": " 辅助理解", "sources": [], "is_end": false}
2026-04-25 12:38:57 - INFO - __main__:50 - 前端响应内容: {"answer": "AI、区块链、大", "sources": [], "is_end": false}
2026-04-25 12:38:57 - INFO - __main__:50 - 前端响应内容: {"answer": "模型等前沿技术的基本", "sources": [], "is_end": false}
2026-04-25 12:38:57 - INFO - __main__:50 - 前端响应内容: {"answer": "原理\n\n⚠️", "sources": [], "is_end": false}
2026-04-25 12:38:57 - INFO - __main__:50 - 前端响应内容: {"answer": " 温馨提示：  \n-", "sources": [], "is_end": false}
2026-04-25 12:38:57 - INFO - __main__:50 - 前端响应内容: {"answer": " 我不联网", "sources": [], "is_end": false}
2026-04-25 12:38:57 - INFO - __main__:50 - 前端响应内容: {"answer": "，无法获取实时数据（", "sources": [], "is_end": false}
2026-04-25 12:38:57 - INFO - __main__:50 - 前端响应内容: {"answer": "如股票行情、最新", "sources": [], "is_end": false}
2026-04-25 12:38:57 - INFO - __main__:50 - 前端响应内容: {"answer": "新闻、天气）", "sources": [], "is_end": false}
2026-04-25 12:38:57 - INFO - __main__:50 - 前端响应内容: {"answer": "；  \n- 不", "sources": [], "is_end": false}
2026-04-25 12:38:57 - INFO - __main__:50 - 前端响应内容: {"answer": "提供医疗诊断、法律代理", "sources": [], "is_end": false}
2026-04-25 12:38:57 - INFO - __main__:50 - 前端响应内容: {"answer": "、财务投资等需", "sources": [], "is_end": false}
2026-04-25 12:38:57 - INFO - __main__:50 - 前端响应内容: {"answer": "专业资质的服务；  \n-", "sources": [], "is_end": false}
2026-04-25 12:38:57 - INFO - __main__:50 - 前端响应内容: {"answer": " 所有回答", "sources": [], "is_end": false}
2026-04-25 12:38:57 - INFO - __main__:50 - 前端响应内容: {"answer": "力求准确、中", "sources": [], "is_end": false}
2026-04-25 12:38:57 - INFO - __main__:50 - 前端响应内容: {"answer": "立、尊重事实", "sources": [], "is_end": false}
2026-04-25 12:38:57 - INFO - __main__:50 - 前端响应内容: {"answer": "与价值观。\n\n如果你", "sources": [], "is_end": false}
2026-04-25 12:38:57 - INFO - __main__:50 - 前端响应内容: {"answer": "有任何具体需求——", "sources": [], "is_end": false}
2026-04-25 12:38:57 - INFO - __main__:50 - 前端响应内容: {"answer": "比如“帮我写一封", "sources": [], "is_end": false}
2026-04-25 12:38:57 - INFO - __main__:50 - 前端响应内容: {"answer": "辞职信”“", "sources": [], "is_end": false}
2026-04-25 12:38:57 - INFO - __main__:50 - 前端响应内容: {"answer": "解释光合作用的过程", "sources": [], "is_end": false}
2026-04-25 12:38:57 - INFO - __main__:50 - 前端响应内容: {"answer": "”“用Python统计", "sources": [], "is_end": false}
2026-04-25 12:38:57 - INFO - __main__:50 - 前端响应内容: {"answer": "一段文本的词频”", "sources": [], "is_end": false}
2026-04-25 12:38:57 - INFO - __main__:50 - 前端响应内容: {"answer": "——欢迎随时告诉我，", "sources": [], "is_end": false}
2026-04-25 12:38:57 - INFO - __main__:50 - 前端响应内容: {"answer": "我会尽力为你清晰", "sources": [], "is_end": false}
2026-04-25 12:38:57 - INFO - __main__:50 - 前端响应内容: {"answer": "、细致、有", "sources": [], "is_end": false}
2026-04-25 12:38:57 - INFO - __main__:50 - 前端响应内容: {"answer": "温度地提供帮助", "sources": [], "is_end": false}
2026-04-25 12:38:57 - INFO - __main__:50 - 前端响应内容: {"answer": " 🌟", "sources": [], "is_end": false}
2026-04-25 12:38:57 - INFO - __main__:50 - 前端响应内容: {"answer": "", "sources": [], "is_end": true}
2026-04-25 12:40:16 - INFO - app.api.routes:98 - 事件类型: on_chain_start
2026-04-25 12:40:16 - INFO - app.api.routes:98 - 事件类型: on_chain_start
2026-04-25 12:40:16 - INFO - app.api.routes:98 - 事件类型: on_chain_start
2026-04-25 12:40:16 - INFO - app.api.routes:98 - 事件类型: on_chain_end
2026-04-25 12:40:16 - INFO - app.api.routes:98 - 事件类型: on_chain_start
2026-04-25 12:40:16 - INFO - app.api.routes:98 - 事件类型: on_chain_end
2026-04-25 12:40:16 - INFO - app.api.routes:98 - 事件类型: on_chain_stream
2026-04-25 12:40:16 - INFO - app.api.routes:98 - 事件类型: on_chain_end
2026-04-25 12:40:16 - INFO - app.api.routes:98 - 事件类型: on_chain_start
2026-04-25 12:40:16 - INFO - app.core.graph:34 - --- 正在为租户 tenant_A 检索资料 ---
2026-04-25 12:40:21 - INFO - app.core.rag_engine:58 - 为租户 tenant_A 初始化 RAG 引擎
2026-04-25 12:40:21 - ERROR - app.core.rag_engine:79 - 加载向量库失败: Error in __cdecl faiss::FileIOReader::FileIOReader(const char *) at D:\a\faiss-wheels\faiss-wheels\third-party\faiss\faiss\impl\io.cpp:70: Error: 'f' failed: could not open storage\tenant_A\index\index.faiss for reading: No such file or directory
Traceback (most recent call last):
  File "D:\HJ\PythonProject\enterprise_knowledge_base\app\core\rag_engine.py", line 73, in load_vector_store
    return FAISS.load_local(
  File "E:\python\envs_dirs\py310\lib\site-packages\langchain_community\vectorstores\faiss.py", line 1205, in load_local
    index = faiss.read_index(str(path / f"{index_name}.faiss"))
  File "E:\python\envs_dirs\py310\lib\site-packages\faiss\swigfaiss_avx2.py", line 12913, in read_index
    return _swigfaiss_avx2.read_index(*args)
RuntimeError: Error in __cdecl faiss::FileIOReader::FileIOReader(const char *) at D:\a\faiss-wheels\faiss-wheels\third-party\faiss\faiss\impl\io.cpp:70: Error: 'f' failed: could not open storage\tenant_A\index\index.faiss for reading: No such file or directory
2026-04-25 12:40:21 - INFO - app.api.routes:98 - 事件类型: on_chain_start
2026-04-25 12:40:21 - INFO - app.api.routes:98 - 事件类型: on_chain_end
2026-04-25 12:40:21 - INFO - app.api.routes:98 - 事件类型: on_chain_stream
2026-04-25 12:40:21 - INFO - app.api.routes:98 - 事件类型: on_chain_end
2026-04-25 12:40:21 - INFO - app.api.routes:98 - 事件类型: on_chain_stream
2026-04-25 12:40:21 - INFO - app.api.routes:98 - 事件类型: on_chain_start
2026-04-25 12:40:21 - INFO - app.core.graph:51 - --- 正在生成回答 ---
2026-04-25 12:40:21 - WARNING - app.core.graph:62 - 未找到参考资料 (context_docs 为空)
2026-04-25 12:40:21 - INFO - app.core.graph:86 - 使用通用模式回答（无参考资料）
2026-04-25 12:40:21 - INFO - app.api.routes:98 - 事件类型: on_chat_model_start
2026-04-25 12:40:21 - INFO - app.api.routes:98 - 事件类型: on_chat_model_stream
2026-04-25 12:40:21 - INFO - app.api.routes:98 - 事件类型: on_chat_model_stream
2026-04-25 12:40:21 - INFO - __main__:50 - 前端响应内容: {"answer": "你好", "sources": [], "is_end": false}
2026-04-25 12:40:21 - INFO - app.core.graph:94 - --- 流式生成内容 --- 你好
2026-04-25 12:40:21 - INFO - app.api.routes:98 - 事件类型: on_chat_model_stream
2026-04-25 12:40:21 - INFO - app.core.graph:94 - --- 流式生成内容 --- ！很高兴为你
2026-04-25 12:40:21 - INFO - __main__:50 - 前端响应内容: {"answer": "！很高兴为你", "sources": [], "is_end": false}
2026-04-25 12:40:21 - INFO - app.api.routes:98 - 事件类型: on_chat_model_stream
2026-04-25 12:40:21 - INFO - app.core.graph:94 - --- 流式生成内容 --- 提供帮助
"sources": [], "is_end": false}
2026-04-25 12:40:21 - INFO - app.api.routes:98 - 事件类型: on_chat_model_stream
2026-04-25 12:40:21 - INFO - __main__:50 - 前端响应内容: {"answer": " 😊  \n我可以", "sources": [], "is_end": false}
2026-04-25 12:40:21 - INFO - app.api.routes:98 - 事件类型: on_chat_model_stream
2026-04-25 12:40:21 - INFO - __main__:50 - 前端响应内容: {"answer": "协助你完成多种", "sources": [], "is_end": false}
2026-04-25 12:40:22 - INFO - app.api.routes:98 - 事件类型: on_chat_model_stream
2026-04-25 12:40:22 - INFO - app.core.graph:94 - --- 流式生成内容 --- 任务，例如：

✅ **
"sources": [], "is_end": false}
2026-04-25 12:40:22 - INFO - app.api.routes:98 - 事件类型: on_chat_model_stream
2026-04-25 12:40:22 - INFO - app.core.graph:94 - --- 流式生成内容 --- 解答问题**：
2026-04-25 12:40:22 - INFO - __main__:50 - 前端响应内容: {"answer": "解答问题**：", "sources": [], "is_end": false}
2026-04-25 12:40:22 - INFO - app.api.routes:98 - 事件类型: on_chat_model_stream
2026-04-25 12:40:22 - INFO - __main__:50 - 前端响应内容: {"answer": "涵盖科学、历史、数学", "sources": [], "is_end": false}
2026-04-25 12:40:22 - INFO - app.api.routes:98 - 事件类型: on_chat_model_stream
2026-04-25 12:40:22 - INFO - __main__:50 - 前端响应内容: {"answer": "、语言、技术", "sources": [], "is_end": false}
2026-04-25 12:40:22 - INFO - app.api.routes:98 - 事件类型: on_chat_model_stream
2026-04-25 12:40:22 - INFO - __main__:50 - 前端响应内容: {"answer": "、文化等领域的知识", "sources": [], "is_end": false}
2026-04-25 12:40:22 - INFO - app.core.graph:94 - --- 流式生成内容 --- 、文化等领域的知识
2026-04-25 12:40:22 - INFO - app.api.routes:98 - 事件类型: on_chat_model_stream
2026-04-25 12:40:22 - INFO - app.core.graph:94 - --- 流式生成内容 --- 性问题；  

"sources": [], "is_end": false}
2026-04-25 12:40:22 - INFO - app.api.routes:98 - 事件类型: on_chat_model_stream
2026-04-25 12:40:22 - INFO - __main__:50 - 前端响应内容: {"answer": "✅ **学习辅导", "sources": [], "is_end": false}
2026-04-25 12:40:22 - INFO - app.core.graph:94 - --- 流式生成内容 --- ✅ **学习辅导
2026-04-25 12:40:22 - INFO - app.api.routes:98 - 事件类型: on_chat_model_stream
2026-04-25 12:40:22 - INFO - app.core.graph:94 - --- 流式生成内容 --- **：帮你理解
"sources": [], "is_end": false}
2026-04-25 12:40:22 - INFO - app.api.routes:98 - 事件类型: on_chat_model_stream
2026-04-25 12:40:22 - INFO - __main__:50 - 前端响应内容: {"answer": "概念、解题", "sources": [], "is_end": false}
2026-04-25 12:40:22 - INFO - app.api.routes:98 - 事件类型: on_chat_model_stream
2026-04-25 12:40:22 - INFO - __main__:50 - 前端响应内容: {"answer": "思路（如物理", "sources": [], "is_end": false}
2026-04-25 12:40:22 - INFO - app.api.routes:98 - 事件类型: on_chat_model_stream
2026-04-25 12:40:22 - INFO - app.core.graph:94 - --- 流式生成内容 --- 公式推导、英语
2026-04-25 12:40:22 - INFO - __main__:50 - 前端响应内容: {"answer": "公式推导、英语", "sources": [], "is_end": false}
2026-04-25 12:40:23 - INFO - app.api.routes:98 - 事件类型: on_chat_model_stream
2026-04-25 12:40:23 - INFO - __main__:50 - 前端响应内容: {"answer": "语法分析、编程", "sources": [], "is_end": false}
2026-04-25 12:40:23 - INFO - app.api.routes:98 - 事件类型: on_chat_model_stream
2026-04-25 12:40:23 - INFO - __main__:50 - 前端响应内容: {"answer": "逻辑）、撰写/", "sources": [], "is_end": false}
2026-04-25 12:40:23 - INFO - app.api.routes:98 - 事件类型: on_chat_model_stream
2026-04-25 12:40:23 - INFO - app.core.graph:94 - --- 流式生成内容 --- 润色学习笔记
"sources": [], "is_end": false}
2026-04-25 12:40:23 - INFO - app.api.routes:98 - 事件类型: on_chat_model_stream
2026-04-25 12:40:23 - INFO - app.core.graph:94 - --- 流式生成内容 --- 或报告；  
✅
"sources": [], "is_end": false}
2026-04-25 12:40:23 - INFO - app.api.routes:98 - 事件类型: on_chat_model_stream
2026-04-25 12:40:23 - INFO - __main__:50 - 前端响应内容: {"answer": " **写作支持**：起草", "sources": [], "is_end": false}
2026-04-25 12:40:23 - INFO - app.api.routes:98 - 事件类型: on_chat_model_stream
2026-04-25 12:40:23 - INFO - __main__:50 - 前端响应内容: {"answer": "/修改邮件、简历", "sources": [], "is_end": false}
2026-04-25 12:40:23 - INFO - app.api.routes:98 - 事件类型: on_chat_model_stream
2026-04-25 12:40:23 - INFO - __main__:50 - 前端响应内容: {"answer": "、演讲稿、作文", "sources": [], "is_end": false}
2026-04-25 12:40:23 - INFO - app.api.routes:98 - 事件类型: on_chat_model_stream
2026-04-25 12:40:23 - INFO - app.core.graph:94 - --- 流式生成内容 --- 、公文、创意
"sources": [], "is_end": false}
2026-04-25 12:40:23 - INFO - app.api.routes:98 - 事件类型: on_chat_model_stream
2026-04-25 12:40:23 - INFO - app.core.graph:94 - --- 流式生成内容 --- 文案，或帮你
"sources": [], "is_end": false}
2026-04-25 12:40:24 - INFO - app.api.routes:98 - 事件类型: on_chat_model_stream
2026-04-25 12:40:24 - INFO - __main__:50 - 前端响应内容: {"answer": "润色语言、", "sources": [], "is_end": false}
2026-04-25 12:40:24 - INFO - app.api.routes:98 - 事件类型: on_chat_model_stream
2026-04-25 12:40:24 - INFO - __main__:50 - 前端响应内容: {"answer": "提升表达；  \n✅ **", "sources": [], "is_end": false}
2026-04-25 12:40:24 - INFO - app.core.graph:94 - --- 流式生成内容 --- 提升表达；  
✅ **
2026-04-25 12:40:24 - INFO - app.api.routes:98 - 事件类型: on_chat_model_stream
2026-04-25 12:40:24 - INFO - __main__:50 - 前端响应内容: {"answer": "编程协助**：解释", "sources": [], "is_end": false}
2026-04-25 12:40:24 - INFO - app.api.routes:98 - 事件类型: on_chat_model_stream
2026-04-25 12:40:24 - INFO - __main__:50 - 前端响应内容: {"answer": "代码逻辑、调试", "sources": [], "is_end": false}
2026-04-25 12:40:24 - INFO - app.api.routes:98 - 事件类型: on_chat_model_stream
2026-04-25 12:40:24 - INFO - app.core.graph:94 - --- 流式生成内容 --- 建议、算法思路
"sources": [], "is_end": false}
2026-04-25 12:40:24 - INFO - app.api.routes:98 - 事件类型: on_chat_model_stream
2026-04-25 12:40:24 - INFO - __main__:50 - 前端响应内容: {"answer": "、多语言（Python", "sources": [], "is_end": false}
2026-04-25 12:40:24 - INFO - app.api.routes:98 - 事件类型: on_chat_model_stream
2026-04-25 12:40:24 - INFO - __main__:50 - 前端响应内容: {"answer": "/Java/JS", "sources": [], "is_end": false}
2026-04-25 12:40:24 - INFO - app.api.routes:98 - 事件类型: on_chat_model_stream
2026-04-25 12:40:24 - INFO - __main__:50 - 前端响应内容: {"answer": "等）示例编写", "sources": [], "is_end": false}
2026-04-25 12:40:24 - INFO - app.api.routes:98 - 事件类型: on_chat_model_stream
2026-04-25 12:40:24 - INFO - __main__:50 - 前端响应内容: {"answer": "；  \n✅ **生活", "sources": [], "is_end": false}
2026-04-25 12:40:24 - INFO - app.api.routes:98 - 事件类型: on_chat_model_stream
2026-04-25 12:40:24 - INFO - app.core.graph:94 - --- 流式生成内容 --- 实用**：制定
"sources": [], "is_end": false}
2026-04-25 12:40:25 - INFO - app.api.routes:98 - 事件类型: on_chat_model_stream
2026-04-25 12:40:25 - INFO - __main__:50 - 前端响应内容: {"answer": "学习计划、时间", "sources": [], "is_end": false}
2026-04-25 12:40:25 - INFO - app.api.routes:98 - 事件类型: on_chat_model_stream
2026-04-25 12:40:25 - INFO - __main__:50 - 前端响应内容: {"answer": "管理建议、健康", "sources": [], "is_end": false}
2026-04-25 12:40:25 - INFO - app.api.routes:98 - 事件类型: on_chat_model_stream
2026-04-25 12:40:25 - INFO - app.core.graph:94 - --- 流式生成内容 --- 小贴士、
"sources": [], "is_end": false}
2026-04-25 12:40:25 - INFO - app.api.routes:98 - 事件类型: on_chat_model_stream
2026-04-25 12:40:25 - INFO - __main__:50 - 前端响应内容: {"answer": "旅行规划思路、节日", "sources": [], "is_end": false}
2026-04-25 12:40:25 - INFO - app.api.routes:98 - 事件类型: on_chat_model_stream
2026-04-25 12:40:25 - INFO - __main__:50 - 前端响应内容: {"answer": "祝福语创作等；  \n", "sources": [], "is_end": false}
2026-04-25 12:40:25 - INFO - app.api.routes:98 - 事件类型: on_chat_model_stream
2026-04-25 12:40:25 - INFO - __main__:50 - 前端响应内容: {"answer": "✅ **思维拓展**：", "sources": [], "is_end": false}
2026-04-25 12:40:25 - INFO - app.api.routes:98 - 事件类型: on_chat_model_stream
2026-04-25 12:40:25 - INFO - __main__:50 - 前端响应内容: {"answer": "头脑风暴、观点", "sources": [], "is_end": false}
2026-04-25 12:40:25 - INFO - app.api.routes:98 - 事件类型: on_chat_model_stream
2026-04-25 12:40:25 - INFO - __main__:50 - 前端响应内容: {"answer": "分析、利弊权", "sources": [], "is_end": false}
2026-04-25 12:40:25 - INFO - app.api.routes:98 - 事件类型: on_chat_model_stream
2026-04-25 12:40:25 - INFO - __main__:50 - 前端响应内容: {"answer": "衡、逻辑梳理", "sources": [], "is_end": false}
2026-04-25 12:40:26 - INFO - app.api.routes:98 - 事件类型: on_chat_model_stream
2026-04-25 12:40:26 - INFO - app.core.graph:94 - --- 流式生成内容 --- ，甚至陪你一起理性
2026-04-25 12:40:26 - INFO - __main__:50 - 前端响应内容: {"answer": "，甚至陪你一起理性", "sources": [], "is_end": false}
2026-04-25 12:40:26 - INFO - app.api.routes:98 - 事件类型: on_chat_model_stream
2026-04-25 12:40:26 - INFO - app.core.graph:94 - --- 流式生成内容 --- 探讨有争议的话题
2026-04-25 12:40:26 - INFO - __main__:50 - 前端响应内容: {"answer": "探讨有争议的话题", "sources": [], "is_end": false}
2026-04-25 12:40:26 - INFO - app.api.routes:98 - 事件类型: on_chat_model_stream
2026-04-25 12:40:26 - INFO - __main__:50 - 前端响应内容: {"answer": "（保持中立与", "sources": [], "is_end": false}
2026-04-25 12:40:26 - INFO - app.api.routes:98 - 事件类型: on_chat_model_stream
2026-04-25 12:40:26 - INFO - __main__:50 - 前端响应内容: {"answer": "尊重）。\n\n📌", "sources": [], "is_end": false}
2026-04-25 12:40:26 - INFO - app.api.routes:98 - 事件类型: on_chat_model_stream
2026-04-25 12:40:26 - INFO - app.core.graph:94 - --- 流式生成内容 ---  温馨提示
2026-04-25 12:40:26 - INFO - __main__:50 - 前端响应内容: {"answer": " 温馨提示", "sources": [], "is_end": false}
2026-04-25 12:40:26 - INFO - app.api.routes:98 - 事件类型: on_chat_model_stream
2026-04-25 12:40:26 - INFO - __main__:50 - 前端响应内容: {"answer": "：我不会访问", "sources": [], "is_end": false}
2026-04-25 12:40:26 - INFO - app.api.routes:98 - 事件类型: on_chat_model_stream
2026-04-25 12:40:26 - INFO - app.core.graph:94 - --- 流式生成内容 --- 你的私人数据，
"sources": [], "is_end": false}
2026-04-25 12:40:26 - INFO - app.api.routes:98 - 事件类型: on_chat_model_stream
2026-04-25 12:40:26 - INFO - __main__:50 - 前端响应内容: {"answer": "也不具备实时联网功能（", "sources": [], "is_end": false}
2026-04-25 12:40:26 - INFO - app.core.graph:94 - --- 流式生成内容 --- 也不具备实时联网功能（
2026-04-25 12:40:26 - INFO - app.api.routes:98 - 事件类型: on_chat_model_stream
2026-04-25 12:40:26 - INFO - app.core.graph:94 - --- 流式生成内容 --- 知识截止于202
2026-04-25 12:40:26 - INFO - __main__:50 - 前端响应内容: {"answer": "知识截止于202", "sources": [], "is_end": false}
2026-04-25 12:40:26 - INFO - app.api.routes:98 - 事件类型: on_chat_model_stream
2026-04-25 12:40:26 - INFO - __main__:50 - 前端响应内容: {"answer": "4年），但", "sources": [], "is_end": false}
2026-04-25 12:40:27 - INFO - app.api.routes:98 - 事件类型: on_chat_model_stream
2026-04-25 12:40:27 - INFO - __main__:50 - 前端响应内容: {"answer": "会尽力提供准确、清晰", "sources": [], "is_end": false}
2026-04-25 12:40:27 - INFO - app.api.routes:98 - 事件类型: on_chat_model_stream
2026-04-25 12:40:27 - INFO - __main__:50 - 前端响应内容: {"answer": "、有温度的回答。\n\n", "sources": [], "is_end": false}
2026-04-25 12:40:27 - INFO - app.api.routes:98 - 事件类型: on_chat_model_stream
2026-04-25 12:40:27 - INFO - __main__:50 - 前端响应内容: {"answer": "你现在有什么具体需求", "sources": [], "is_end": false}
2026-04-25 12:40:27 - INFO - app.api.routes:98 - 事件类型: on_chat_model_stream
2026-04-25 12:40:27 - INFO - app.core.graph:94 - --- 流式生成内容 --- ？比如——  
🔹
2026-04-25 12:40:27 - INFO - __main__:50 - 前端响应内容: {"answer": "？比如——  \n🔹", "sources": [], "is_end": false}
2026-04-25 12:40:27 - INFO - app.api.routes:98 - 事件类型: on_chat_model_stream
2026-04-25 12:40:27 - INFO - __main__:50 - 前端响应内容: {"answer": " 正在写", "sources": [], "is_end": false}
2026-04-25 12:40:27 - INFO - app.api.routes:98 - 事件类型: on_chat_model_stream
2026-04-25 12:40:27 - INFO - __main__:50 - 前端响应内容: {"answer": "一篇关于人工智能伦理", "sources": [], "is_end": false}
2026-04-25 12:40:27 - INFO - app.api.routes:98 - 事件类型: on_chat_model_stream
2026-04-25 12:40:27 - INFO - __main__:50 - 前端响应内容: {"answer": "的议论文，", "sources": [], "is_end": false}
2026-04-25 12:40:27 - INFO - app.api.routes:98 - 事件类型: on_chat_model_stream
2026-04-25 12:40:27 - INFO - __main__:50 - 前端响应内容: {"answer": "需要论点和", "sources": [], "is_end": false}
2026-04-25 12:40:27 - INFO - app.api.routes:98 - 事件类型: on_chat_model_stream
2026-04-25 12:40:27 - INFO - __main__:50 - 前端响应内容: {"answer": "例子？  \n🔹", "sources": [], "is_end": false}
2026-04-25 12:40:27 - INFO - app.api.routes:98 - 事件类型: on_chat_model_stream
2026-04-25 12:40:27 - INFO - __main__:50 - 前端响应内容: {"answer": " 想用", "sources": [], "is_end": false}
2026-04-25 12:40:27 - INFO - app.api.routes:98 - 事件类型: on_chat_model_stream
2026-04-25 12:40:27 - INFO - app.core.graph:94 - --- 流式生成内容 --- Python画一个动态
2026-04-25 12:40:27 - INFO - __main__:50 - 前端响应内容: {"answer": "Python画一个动态", "sources": [], "is_end": false}
2026-04-25 12:40:28 - INFO - app.api.routes:98 - 事件类型: on_chat_model_stream
2026-04-25 12:40:28 - INFO - __main__:50 - 前端响应内容: {"answer": "折线图，", "sources": [], "is_end": false}
2026-04-25 12:40:28 - INFO - app.core.graph:94 - --- 流式生成内容 --- 折线图，
2026-04-25 12:40:28 - INFO - app.api.routes:98 - 事件类型: on_chat_model_stream
2026-04-25 12:40:28 - INFO - app.core.graph:94 - --- 流式生成内容 --- 但卡在matplotlib
"sources": [], "is_end": false}
2026-04-25 12:40:28 - INFO - app.api.routes:98 - 事件类型: on_chat_model_stream
2026-04-25 12:40:28 - INFO - __main__:50 - 前端响应内容: {"answer": "动画设置？  \n🔹", "sources": [], "is_end": false}
2026-04-25 12:40:28 - INFO - app.api.routes:98 - 事件类型: on_chat_model_stream
2026-04-25 12:40:28 - INFO - __main__:50 - 前端响应内容: {"answer": " 或只是想聊聊", "sources": [], "is_end": false}
2026-04-25 12:40:28 - INFO - app.api.routes:98 - 事件类型: on_chat_model_stream
2026-04-25 12:40:28 - INFO - __main__:50 - 前端响应内容: {"answer": "、缓解压力、", "sources": [], "is_end": false}
2026-04-25 12:40:28 - INFO - app.api.routes:98 - 事件类型: on_chat_model_stream
2026-04-25 12:40:28 - INFO - app.core.graph:94 - --- 流式生成内容 --- 获得一句鼓励？
"sources": [], "is_end": false}
2026-04-25 12:40:28 - INFO - app.api.routes:98 - 事件类型: on_chat_model_stream
2026-04-25 12:40:28 - INFO - __main__:50 - 前端响应内容: {"answer": "  \n\n我随时在这里", "sources": [], "is_end": false}
2026-04-25 12:40:28 - INFO - app.api.routes:98 - 事件类型: on_chat_model_stream
2026-04-25 12:40:28 - INFO - __main__:50 - 前端响应内容: {"answer": "，认真倾听，", "sources": [], "is_end": false}
2026-04-25 12:40:28 - INFO - app.api.routes:98 - 事件类型: on_chat_model_stream
2026-04-25 12:40:28 - INFO - app.core.graph:94 - --- 流式生成内容 --- 用心回应
2026-04-25 12:40:28 - INFO - __main__:50 - 前端响应内容: {"answer": "用心回应", "sources": [], "is_end": false}
2026-04-25 12:40:28 - INFO - app.api.routes:98 - 事件类型: on_chat_model_stream
2026-04-25 12:40:28 - INFO - app.core.graph:94 - --- 流式生成内容 ---  🌟
"sources": [], "is_end": false}
2026-04-25 12:40:28 - INFO - app.api.routes:98 - 事件类型: on_chat_model_stream
2026-04-25 12:40:28 - INFO - app.api.routes:98 - 事件类型: on_chat_model_end
2026-04-25 12:40:28 - INFO - app.core.graph:103 - --- 回答生成完成 ---
2026-04-25 12:40:28 - INFO - app.api.routes:98 - 事件类型: on_chain_start
2026-04-25 12:40:28 - INFO - app.api.routes:98 - 事件类型: on_chain_end
2026-04-25 12:40:28 - INFO - app.api.routes:98 - 事件类型: on_chain_stream
2026-04-25 12:40:28 - INFO - app.api.routes:98 - 事件类型: on_chain_end
2026-04-25 12:40:28 - INFO - app.api.routes:98 - 事件类型: on_chain_stream
2026-04-25 12:40:28 - INFO - app.api.routes:98 - 事件类型: on_chain_end
2026-04-25 12:40:28 - INFO - __main__:50 - 前端响应内容: {"answer": "", "sources": [], "is_end": true}
2026-04-25 12:48:06 - INFO - app.api.routes:98 - 事件类型: on_chain_start
2026-04-25 12:48:06 - INFO - app.api.routes:98 - 事件类型: on_chain_start
2026-04-25 12:48:06 - INFO - app.api.routes:98 - 事件类型: on_chain_start
2026-04-25 12:48:06 - INFO - app.api.routes:98 - 事件类型: on_chain_end
2026-04-25 12:48:06 - INFO - app.api.routes:98 - 事件类型: on_chain_start
2026-04-25 12:48:06 - INFO - app.api.routes:98 - 事件类型: on_chain_end
2026-04-25 12:48:06 - INFO - app.api.routes:98 - 事件类型: on_chain_stream
2026-04-25 12:48:06 - INFO - app.api.routes:98 - 事件类型: on_chain_end
2026-04-25 12:48:06 - INFO - app.api.routes:98 - 事件类型: on_chain_start
2026-04-25 12:48:06 - INFO - app.core.graph:34 - --- 正在为租户 tenant_A 检索资料 ---
2026-04-25 12:48:11 - INFO - app.core.rag_engine:58 - 为租户 tenant_A 初始化 RAG 引擎
2026-04-25 12:48:11 - ERROR - app.core.rag_engine:79 - 加载向量库失败: Error in __cdecl faiss::FileIOReader::FileIOReader(const char *) at D:\a\faiss-wheels\faiss-wheels\third-party\faiss\faiss\impl\io.cpp:70: Error: 'f' failed: could not open storage\tenant_A\index\index.faiss for reading: No such file or directory
Traceback (most recent call last):
  File "D:\HJ\PythonProject\enterprise_knowledge_base\app\core\rag_engine.py", line 73, in load_vector_store
    return FAISS.load_local(
  File "E:\python\envs_dirs\py310\lib\site-packages\langchain_community\vectorstores\faiss.py", line 1205, in load_local
    index = faiss.read_index(str(path / f"{index_name}.faiss"))
  File "E:\python\envs_dirs\py310\lib\site-packages\faiss\swigfaiss_avx2.py", line 12913, in read_index
    return _swigfaiss_avx2.read_index(*args)
RuntimeError: Error in __cdecl faiss::FileIOReader::FileIOReader(const char *) at D:\a\faiss-wheels\faiss-wheels\third-party\faiss\faiss\impl\io.cpp:70: Error: 'f' failed: could not open storage\tenant_A\index\index.faiss for reading: No such file or directory
2026-04-25 12:48:11 - INFO - app.api.routes:98 - 事件类型: on_chain_start
2026-04-25 12:48:11 - INFO - app.api.routes:98 - 事件类型: on_chain_end
2026-04-25 12:48:11 - INFO - app.api.routes:98 - 事件类型: on_chain_stream
2026-04-25 12:48:11 - INFO - app.api.routes:98 - 事件类型: on_chain_end
2026-04-25 12:48:11 - INFO - app.api.routes:98 - 事件类型: on_chain_stream
2026-04-25 12:48:11 - INFO - app.api.routes:98 - 事件类型: on_chain_start
2026-04-25 12:48:11 - INFO - app.core.graph:51 - --- 正在生成回答 ---
2026-04-25 12:48:11 - WARNING - app.core.graph:62 - 未找到参考资料 (context_docs 为空)
2026-04-25 12:48:11 - INFO - app.core.graph:86 - 使用通用模式回答（无参考资料）
2026-04-25 12:48:11 - INFO - app.api.routes:98 - 事件类型: on_chat_model_start
2026-04-25 12:48:11 - INFO - app.api.routes:98 - 事件类型: on_chat_model_stream
2026-04-25 12:48:11 - INFO - app.api.routes:98 - 事件类型: on_chat_model_stream
2026-04-25 12:48:11 - INFO - app.core.graph:95 - --- 流式生成内容 --- 你
2026-04-25 12:48:11 - INFO - __main__:50 - 前端响应内容: {"answer": "你", "sources": [], "is_end": false}
2026-04-25 12:48:11 - INFO - app.api.routes:98 - 事件类型: on_chat_model_stream
2026-04-25 12:48:11 - INFO - app.core.graph:95 - --- 流式生成内容 --- 刚刚问的问题
2026-04-25 12:48:11 - INFO - __main__:50 - 前端响应内容: {"answer": "刚刚问的问题", "sources": [], "is_end": false}
2026-04-25 12:48:11 - INFO - app.api.routes:98 - 事件类型: on_chat_model_stream
2026-04-25 12:48:11 - INFO - __main__:50 - 前端响应内容: {"answer": "是：“我", "sources": [], "is_end": false}
2026-04-25 12:48:12 - INFO - app.api.routes:98 - 事件类型: on_chat_model_stream
2026-04-25 12:48:12 - INFO - __main__:50 - 前端响应内容: {"answer": "刚刚问了", "sources": [], "is_end": false}
2026-04-25 12:48:12 - INFO - app.api.routes:98 - 事件类型: on_chat_model_stream
2026-04-25 12:48:12 - INFO - app.core.graph:95 - --- 流式生成内容 --- 你什么内容”。
2026-04-25 12:48:12 - INFO - __main__:50 - 前端响应内容: {"answer": "你什么内容”。", "sources": [], "is_end": false}
2026-04-25 12:48:12 - INFO - app.api.routes:98 - 事件类型: on_chat_model_stream
2026-04-25 12:48:12 - INFO - app.api.routes:98 - 事件类型: on_chat_model_end
2026-04-25 12:48:12 - INFO - app.core.graph:104 - --- 回答生成完成 ---
2026-04-25 12:48:12 - INFO - app.api.routes:98 - 事件类型: on_chain_start
2026-04-25 12:48:12 - INFO - app.api.routes:98 - 事件类型: on_chain_end
2026-04-25 12:48:12 - INFO - app.api.routes:98 - 事件类型: on_chain_stream
2026-04-25 12:48:12 - INFO - app.api.routes:98 - 事件类型: on_chain_end
2026-04-25 12:48:12 - INFO - app.api.routes:98 - 事件类型: on_chain_stream
2026-04-25 12:48:12 - INFO - app.api.routes:98 - 事件类型: on_chain_end
2026-04-25 12:48:12 - INFO - __main__:50 - 前端响应内容: {"answer": "", "sources": [], "is_end": true}
2026-04-25 12:48:38 - INFO - app.api.routes:98 - 事件类型: on_chain_start
2026-04-25 12:48:38 - INFO - app.api.routes:98 - 事件类型: on_chain_start
2026-04-25 12:48:38 - INFO - app.api.routes:98 - 事件类型: on_chain_start
2026-04-25 12:48:38 - INFO - app.api.routes:98 - 事件类型: on_chain_end
2026-04-25 12:48:38 - INFO - app.api.routes:98 - 事件类型: on_chain_start
2026-04-25 12:48:38 - INFO - app.api.routes:98 - 事件类型: on_chain_end
2026-04-25 12:48:38 - INFO - app.api.routes:98 - 事件类型: on_chain_stream
2026-04-25 12:48:38 - INFO - app.api.routes:98 - 事件类型: on_chain_end
2026-04-25 12:48:38 - INFO - app.api.routes:98 - 事件类型: on_chain_start
2026-04-25 12:48:38 - INFO - app.core.graph:34 - --- 正在为租户 tenant_A 检索资料 ---
2026-04-25 12:48:38 - INFO - app.core.rag_engine:58 - 为租户 tenant_A 初始化 RAG 引擎
2026-04-25 12:48:38 - ERROR - app.core.rag_engine:79 - 加载向量库失败: Error in __cdecl faiss::FileIOReader::FileIOReader(const char *) at D:\a\faiss-wheels\faiss-wheels\third-party\faiss\faiss\impl\io.cpp:70: Error: 'f' failed: could not open storage\tenant_A\index\index.faiss for reading: No such file or directory
Traceback (most recent call last):
  File "D:\HJ\PythonProject\enterprise_knowledge_base\app\core\rag_engine.py", line 73, in load_vector_store
    return FAISS.load_local(
  File "E:\python\envs_dirs\py310\lib\site-packages\langchain_community\vectorstores\faiss.py", line 1205, in load_local
    index = faiss.read_index(str(path / f"{index_name}.faiss"))
  File "E:\python\envs_dirs\py310\lib\site-packages\faiss\swigfaiss_avx2.py", line 12913, in read_index
    return _swigfaiss_avx2.read_index(*args)
RuntimeError: Error in __cdecl faiss::FileIOReader::FileIOReader(const char *) at D:\a\faiss-wheels\faiss-wheels\third-party\faiss\faiss\impl\io.cpp:70: Error: 'f' failed: could not open storage\tenant_A\index\index.faiss for reading: No such file or directory
2026-04-25 12:48:38 - INFO - app.api.routes:98 - 事件类型: on_chain_start
2026-04-25 12:48:38 - INFO - app.api.routes:98 - 事件类型: on_chain_end
2026-04-25 12:48:38 - INFO - app.api.routes:98 - 事件类型: on_chain_stream
2026-04-25 12:48:38 - INFO - app.api.routes:98 - 事件类型: on_chain_end
2026-04-25 12:48:38 - INFO - app.api.routes:98 - 事件类型: on_chain_stream
2026-04-25 12:48:38 - INFO - app.api.routes:98 - 事件类型: on_chain_start
2026-04-25 12:48:38 - INFO - app.core.graph:51 - --- 正在生成回答 ---
2026-04-25 12:48:38 - WARNING - app.core.graph:62 - 未找到参考资料 (context_docs 为空)
2026-04-25 12:48:38 - INFO - app.core.graph:86 - 使用通用模式回答（无参考资料）
2026-04-25 12:48:38 - INFO - app.api.routes:98 - 事件类型: on_chat_model_start
2026-04-25 12:48:39 - INFO - app.api.routes:98 - 事件类型: on_chat_model_stream
2026-04-25 12:48:39 - INFO - app.api.routes:98 - 事件类型: on_chat_model_stream
2026-04-25 12:48:39 - INFO - app.core.graph:95 - --- 流式生成内容 --- 根据
"sources": [], "is_end": false}
2026-04-25 12:48:39 - INFO - app.api.routes:98 - 事件类型: on_chat_model_stream
2026-04-25 12:48:39 - INFO - __main__:50 - 前端响应内容: {"answer": "当前", "sources": [], "is_end": false}
2026-04-25 12:48:39 - INFO - app.api.routes:98 - 事件类型: on_chat_model_stream
2026-04-25 12:48:39 - INFO - __main__:50 - 前端响应内容: {"answer": "对话的", "sources": [], "is_end": false}
2026-04-25 12:48:39 - INFO - app.core.graph:95 - --- 流式生成内容 --- 对话的
2026-04-25 12:48:39 - INFO - app.api.routes:98 - 事件类型: on_chat_model_stream
2026-04-25 12:48:39 - INFO - __main__:50 - 前端响应内容: {"answer": "上下文，", "sources": [], "is_end": false}
2026-04-25 12:48:39 - INFO - app.api.routes:98 - 事件类型: on_chat_model_stream
2026-04-25 12:48:39 - INFO - app.core.graph:95 - --- 流式生成内容 --- 你只发送了**1
"sources": [], "is_end": false}
2026-04-25 12:48:39 - INFO - app.api.routes:98 - 事件类型: on_chat_model_stream
2026-04-25 12:48:39 - INFO - __main__:50 - 前端响应内容: {"answer": "次**对话，就是", "sources": [], "is_end": false}
2026-04-25 12:48:39 - INFO - app.api.routes:98 - 事件类型: on_chat_model_stream
2026-04-25 12:48:39 - INFO - __main__:50 - 前端响应内容: {"answer": "你刚刚提出的这条", "sources": [], "is_end": false}
2026-04-25 12:48:39 - INFO - app.api.routes:98 - 事件类型: on_chat_model_stream
2026-04-25 12:48:39 - INFO - app.core.graph:95 - --- 流式生成内容 --- 消息：

> “我
"sources": [], "is_end": false}
2026-04-25 12:48:39 - INFO - app.api.routes:98 - 事件类型: on_chat_model_stream
2026-04-25 12:48:39 - INFO - __main__:50 - 前端响应内容: {"answer": "一共给你发了", "sources": [], "is_end": false}
2026-04-25 12:48:39 - INFO - app.api.routes:98 - 事件类型: on_chat_model_stream
2026-04-25 12:48:39 - INFO - __main__:50 - 前端响应内容: {"answer": "几次对话，分别是什么”\n\n", "sources": [], "is_end": false}
2026-04-25 12:48:40 - INFO - app.api.routes:98 - 事件类型: on_chat_model_stream
2026-04-25 12:48:40 - INFO - __main__:50 - 前端响应内容: {"answer": "这是我们的**第一次交互", "sources": [], "is_end": false}
2026-04-25 12:48:40 - INFO - app.api.routes:98 - 事件类型: on_chat_model_stream
2026-04-25 12:48:40 - INFO - app.core.graph:95 - --- 流式生成内容 --- **。在本次
"sources": [], "is_end": false}
2026-04-25 12:48:40 - INFO - app.api.routes:98 - 事件类型: on_chat_model_stream
2026-04-25 12:48:40 - INFO - __main__:50 - 前端响应内容: {"answer": "会话中，", "sources": [], "is_end": false}
2026-04-25 12:48:40 - INFO - app.api.routes:98 - 事件类型: on_chat_model_stream
2026-04-25 12:48:40 - INFO - app.core.graph:95 - --- 流式生成内容 --- 此前没有其他用户
"sources": [], "is_end": false}
2026-04-25 12:48:40 - INFO - app.api.routes:98 - 事件类型: on_chat_model_stream
2026-04-25 12:48:40 - INFO - __main__:50 - 前端响应内容: {"answer": "消息（即没有", "sources": [], "is_end": false}
2026-04-25 12:48:40 - INFO - app.api.routes:98 - 事件类型: on_chat_model_stream
2026-04-25 12:48:40 - INFO - app.core.graph:95 - --- 流式生成内容 --- 历史消息记录），因此
2026-04-25 12:48:40 - INFO - __main__:50 - 前端响应内容: {"answer": "历史消息记录），因此", "sources": [], "is_end": false}
2026-04-25 12:48:40 - INFO - app.api.routes:98 - 事件类型: on_chat_model_stream
2026-04-25 12:48:40 - INFO - __main__:50 - 前端响应内容: {"answer": "不存在“多次对话", "sources": [], "is_end": false}
2026-04-25 12:48:40 - INFO - app.api.routes:98 - 事件类型: on_chat_model_stream
2026-04-25 12:48:40 - INFO - __main__:50 - 前端响应内容: {"answer": "”或“分别", "sources": [], "is_end": false}
2026-04-25 12:48:40 - INFO - app.api.routes:98 - 事件类型: on_chat_model_stream
2026-04-25 12:48:40 - INFO - __main__:50 - 前端响应内容: {"answer": "是什么”的多个内容", "sources": [], "is_end": false}
2026-04-25 12:48:40 - INFO - app.api.routes:98 - 事件类型: on_chat_model_stream
2026-04-25 12:48:40 - INFO - __main__:50 - 前端响应内容: {"answer": "。\n\n补充说明：  \n", "sources": [], "is_end": false}
2026-04-25 12:48:41 - INFO - app.api.routes:98 - 事件类型: on_chat_model_stream
2026-04-25 12:48:41 - INFO - app.core.graph:95 - --- 流式生成内容 --- - 我无法
"sources": [], "is_end": false}
2026-04-25 12:48:41 - INFO - app.api.routes:98 - 事件类型: on_chat_model_stream
2026-04-25 12:48:41 - INFO - app.core.graph:95 - --- 流式生成内容 --- 查看或回溯你
2026-04-25 12:48:41 - INFO - __main__:50 - 前端响应内容: {"answer": "查看或回溯你", "sources": [], "is_end": false}
2026-04-25 12:48:41 - INFO - app.api.routes:98 - 事件类型: on_chat_model_stream
2026-04-25 12:48:41 - INFO - __main__:50 - 前端响应内容: {"answer": "之前的聊天记录（除非", "sources": [], "is_end": false}
2026-04-25 12:48:41 - INFO - app.api.routes:98 - 事件类型: on_chat_model_stream
2026-04-25 12:48:41 - INFO - app.core.graph:95 - --- 流式生成内容 --- 在同一连续会话中且
2026-04-25 12:48:41 - INFO - __main__:50 - 前端响应内容: {"answer": "在同一连续会话中且", "sources": [], "is_end": false}
2026-04-25 12:48:41 - INFO - app.api.routes:98 - 事件类型: on_chat_model_stream
2026-04-25 12:48:41 - INFO - __main__:50 - 前端响应内容: {"answer": "平台明确保留上下", "sources": [], "is_end": false}
2026-04-25 12:48:41 - INFO - app.api.routes:98 - 事件类型: on_chat_model_stream
2026-04-25 12:48:41 - INFO - __main__:50 - 前端响应内容: {"answer": "文）；  \n-", "sources": [], "is_end": false}
2026-04-25 12:48:41 - INFO - app.api.routes:98 - 事件类型: on_chat_model_stream
2026-04-25 12:48:41 - INFO - __main__:50 - 前端响应内容: {"answer": " 本对话是", "sources": [], "is_end": false}
2026-04-25 12:48:41 - INFO - app.api.routes:98 - 事件类型: on_chat_model_stream
2026-04-25 12:48:41 - INFO - app.core.graph:95 - --- 流式生成内容 --- 独立、新建的会
2026-04-25 12:48:41 - INFO - __main__:50 - 前端响应内容: {"answer": "独立、新建的会", "sources": [], "is_end": false}
2026-04-25 12:48:41 - INFO - app.api.routes:98 - 事件类型: on_chat_model_stream
2026-04-25 12:48:41 - INFO - app.core.graph:95 - --- 流式生成内容 --- 话，系统仅
"sources": [], "is_end": false}
2026-04-25 12:48:41 - INFO - app.api.routes:98 - 事件类型: on_chat_model_stream
2026-04-25 12:48:41 - INFO - app.core.graph:95 - --- 流式生成内容 --- 感知到当前这一
"sources": [], "is_end": false}
2026-04-25 12:48:42 - INFO - app.api.routes:98 - 事件类型: on_chat_model_stream
2026-04-25 12:48:42 - INFO - __main__:50 - 前端响应内容: {"answer": "条用户输入；  \n", "sources": [], "is_end": false}
2026-04-25 12:48:42 - INFO - app.api.routes:98 - 事件类型: on_chat_model_stream
2026-04-25 12:48:42 - INFO - app.core.graph:95 - --- 流式生成内容 --- - 每次
2026-04-25 12:48:42 - INFO - __main__:50 - 前端响应内容: {"answer": "- 每次", "sources": [], "is_end": false}
2026-04-25 12:48:42 - INFO - app.api.routes:98 - 事件类型: on_chat_model_stream
2026-04-25 12:48:42 - INFO - app.core.graph:95 - --- 流式生成内容 --- 新打开对话窗口
2026-04-25 12:48:42 - INFO - __main__:50 - 前端响应内容: {"answer": "新打开对话窗口", "sources": [], "is_end": false}
2026-04-25 12:48:42 - INFO - app.api.routes:98 - 事件类型: on_chat_model_stream
2026-04-25 12:48:42 - INFO - __main__:50 - 前端响应内容: {"answer": "或刷新页面后", "sources": [], "is_end": false}
2026-04-25 12:48:42 - INFO - app.api.routes:98 - 事件类型: on_chat_model_stream
2026-04-25 12:48:42 - INFO - __main__:50 - 前端响应内容: {"answer": "，通常会开启", "sources": [], "is_end": false}
2026-04-25 12:48:42 - INFO - app.api.routes:98 - 事件类型: on_chat_model_stream
2026-04-25 12:48:42 - INFO - app.core.graph:95 - --- 流式生成内容 --- 一个全新的会话，历史
2026-04-25 12:48:42 - INFO - __main__:50 - 前端响应内容: {"answer": "一个全新的会话，历史", "sources": [], "is_end": false}
2026-04-25 12:48:42 - INFO - app.api.routes:98 - 事件类型: on_chat_model_stream
2026-04-25 12:48:42 - INFO - app.core.graph:95 - --- 流式生成内容 --- 不自动延续。

如果你有
2026-04-25 12:48:42 - INFO - __main__:50 - 前端响应内容: {"answer": "不自动延续。\n\n如果你有", "sources": [], "is_end": false}
2026-04-25 12:48:42 - INFO - app.api.routes:98 - 事件类型: on_chat_model_stream
2026-04-25 12:48:42 - INFO - app.core.graph:95 - --- 流式生成内容 --- 特定上下文（例如
"sources": [], "is_end": false}
2026-04-25 12:48:42 - INFO - app.api.routes:98 - 事件类型: on_chat_model_stream
2026-04-25 12:48:42 - INFO - __main__:50 - 前端响应内容: {"answer": "之前在其他窗口", "sources": [], "is_end": false}
2026-04-25 12:48:43 - INFO - app.api.routes:98 - 事件类型: on_chat_model_stream
2026-04-25 12:48:43 - INFO - __main__:50 - 前端响应内容: {"answer": "问过问题），", "sources": [], "is_end": false}
2026-04-25 12:48:43 - INFO - app.api.routes:98 - 事件类型: on_chat_model_stream
2026-04-25 12:48:43 - INFO - app.core.graph:95 - --- 流式生成内容 --- 那可能属于另一个
2026-04-25 12:48:43 - INFO - __main__:50 - 前端响应内容: {"answer": "那可能属于另一个", "sources": [], "is_end": false}
2026-04-25 12:48:43 - INFO - app.api.routes:98 - 事件类型: on_chat_model_stream
2026-04-25 12:48:43 - INFO - app.core.graph:95 - --- 流式生成内容 --- 独立会话，我
2026-04-25 12:48:43 - INFO - __main__:50 - 前端响应内容: {"answer": "独立会话，我", "sources": [], "is_end": false}
2026-04-25 12:48:43 - INFO - app.api.routes:98 - 事件类型: on_chat_model_stream
2026-04-25 12:48:43 - INFO - __main__:50 - 前端响应内容: {"answer": "无法访问。\n\n需要", "sources": [], "is_end": false}
2026-04-25 12:48:43 - INFO - app.api.routes:98 - 事件类型: on_chat_model_stream
2026-04-25 12:48:43 - INFO - app.core.graph:95 - --- 流式生成内容 --- 我帮你记录后续
2026-04-25 12:48:43 - INFO - __main__:50 - 前端响应内容: {"answer": "我帮你记录后续", "sources": [], "is_end": false}
2026-04-25 12:48:43 - INFO - app.api.routes:98 - 事件类型: on_chat_model_stream
2026-04-25 12:48:43 - INFO - app.core.graph:95 - --- 流式生成内容 --- 对话次数，或者
2026-04-25 12:48:43 - INFO - __main__:50 - 前端响应内容: {"answer": "对话次数，或者", "sources": [], "is_end": false}
2026-04-25 12:48:43 - INFO - app.api.routes:98 - 事件类型: on_chat_model_stream
2026-04-25 12:48:43 - INFO - app.core.graph:95 - --- 流式生成内容 --- 做其他协助吗
"sources": [], "is_end": false}
2026-04-25 12:48:43 - INFO - app.api.routes:98 - 事件类型: on_chat_model_stream
2026-04-25 12:48:43 - INFO - app.core.graph:95 - --- 流式生成内容 --- ？😊
2026-04-25 12:48:43 - INFO - __main__:50 - 前端响应内容: {"answer": "？😊", "sources": [], "is_end": false}
2026-04-25 12:48:43 - INFO - app.api.routes:98 - 事件类型: on_chat_model_stream
2026-04-25 12:48:43 - INFO - app.api.routes:98 - 事件类型: on_chat_model_end
2026-04-25 12:48:43 - INFO - app.core.graph:104 - --- 回答生成完成 ---
2026-04-25 12:48:43 - INFO - app.api.routes:98 - 事件类型: on_chain_start
2026-04-25 12:48:43 - INFO - app.api.routes:98 - 事件类型: on_chain_end
2026-04-25 12:48:43 - INFO - app.api.routes:98 - 事件类型: on_chain_stream
2026-04-25 12:48:43 - INFO - app.api.routes:98 - 事件类型: on_chain_end
2026-04-25 12:48:43 - INFO - app.api.routes:98 - 事件类型: on_chain_stream
2026-04-25 12:48:43 - INFO - app.api.routes:98 - 事件类型: on_chain_end
2026-04-25 12:48:43 - INFO - __main__:50 - 前端响应内容: {"answer": "", "sources": [], "is_end": true}
2026-04-25 13:16:55 - INFO - app.api.routes:98 - 事件类型: on_chain_start
2026-04-25 13:16:55 - INFO - app.api.routes:98 - 事件类型: on_chain_start
2026-04-25 13:16:55 - INFO - app.api.routes:98 - 事件类型: on_chain_start
2026-04-25 13:16:55 - INFO - app.api.routes:98 - 事件类型: on_chain_end
2026-04-25 13:16:55 - INFO - app.api.routes:98 - 事件类型: on_chain_start
2026-04-25 13:16:55 - INFO - app.api.routes:98 - 事件类型: on_chain_end
2026-04-25 13:16:55 - INFO - app.api.routes:98 - 事件类型: on_chain_stream
2026-04-25 13:16:55 - INFO - app.api.routes:98 - 事件类型: on_chain_end
2026-04-25 13:16:55 - INFO - app.api.routes:98 - 事件类型: on_chain_start
2026-04-25 13:16:55 - INFO - app.core.graph:34 - --- 正在为租户 tenant_A 检索资料 ---
2026-04-25 13:17:07 - INFO - app.core.rag_engine:58 - 为租户 tenant_A 初始化 RAG 引擎
2026-04-25 13:17:08 - ERROR - app.core.rag_engine:79 - 加载向量库失败: Error in __cdecl faiss::FileIOReader::FileIOReader(const char *) at D:\a\faiss-wheels\faiss-wheels\third-party\faiss\faiss\impl\io.cpp:70: Error: 'f' failed: could not open storage\tenant_A\index\index.faiss for reading: No such file or directory
Traceback (most recent call last):
  File "D:\HJ\PythonProject\enterprise_knowledge_base\app\core\rag_engine.py", line 73, in load_vector_store
    return FAISS.load_local(
  File "E:\python\envs_dirs\py310\lib\site-packages\langchain_community\vectorstores\faiss.py", line 1205, in load_local
    index = faiss.read_index(str(path / f"{index_name}.faiss"))
  File "E:\python\envs_dirs\py310\lib\site-packages\faiss\swigfaiss_avx2.py", line 12913, in read_index
    return _swigfaiss_avx2.read_index(*args)
RuntimeError: Error in __cdecl faiss::FileIOReader::FileIOReader(const char *) at D:\a\faiss-wheels\faiss-wheels\third-party\faiss\faiss\impl\io.cpp:70: Error: 'f' failed: could not open storage\tenant_A\index\index.faiss for reading: No such file or directory
2026-04-25 13:17:08 - INFO - app.api.routes:98 - 事件类型: on_chain_start
2026-04-25 13:17:08 - INFO - app.api.routes:98 - 事件类型: on_chain_end
2026-04-25 13:17:08 - INFO - app.api.routes:98 - 事件类型: on_chain_stream
2026-04-25 13:17:08 - INFO - app.api.routes:98 - 事件类型: on_chain_end
2026-04-25 13:17:08 - INFO - app.api.routes:98 - 事件类型: on_chain_stream
2026-04-25 13:17:08 - INFO - app.api.routes:98 - 事件类型: on_chain_start
2026-04-25 13:17:08 - INFO - app.core.graph:51 - --- 正在生成回答 ---
2026-04-25 13:17:08 - WARNING - app.core.graph:62 - 未找到参考资料 (context_docs 为空)
2026-04-25 13:17:08 - INFO - app.core.graph:86 - 使用通用模式回答（无参考资料）
2026-04-25 13:17:08 - INFO - app.api.routes:98 - 事件类型: on_chat_model_start
2026-04-25 13:17:08 - INFO - app.api.routes:98 - 事件类型: on_chat_model_stream
2026-04-25 13:17:08 - INFO - app.api.routes:98 - 事件类型: on_chat_model_stream
2026-04-25 13:17:08 - INFO - app.core.graph:95 - --- 流式生成内容 --- 你好
2026-04-25 13:17:08 - INFO - __main__:50 - 前端响应内容: {"answer": "你好", "sources": [], "is_end": false}
2026-04-25 13:17:08 - INFO - app.api.routes:98 - 事件类型: on_chat_model_stream
2026-04-25 13:17:08 - INFO - app.core.graph:95 - --- 流式生成内容 --- ！很高兴见到
2026-04-25 13:17:08 - INFO - __main__:50 - 前端响应内容: {"answer": "！很高兴见到", "sources": [], "is_end": false}
2026-04-25 13:17:08 - INFO - app.api.routes:98 - 事件类型: on_chat_model_stream
2026-04-25 13:17:08 - INFO - app.core.graph:95 - --- 流式生成内容 --- 你～
2026-04-25 13:17:08 - INFO - __main__:50 - 前端响应内容: {"answer": "你～", "sources": [], "is_end": false}
2026-04-25 13:17:08 - INFO - app.api.routes:98 - 事件类型: on_chat_model_stream
2026-04-25 13:17:08 - INFO - app.core.graph:95 - --- 流式生成内容 --- 有什么
2026-04-25 13:17:08 - INFO - __main__:50 - 前端响应内容: {"answer": "有什么", "sources": [], "is_end": false}
2026-04-25 13:17:08 - INFO - app.api.routes:98 - 事件类型: on_chat_model_stream
2026-04-25 13:17:08 - INFO - app.core.graph:95 - --- 流式生成内容 --- 问题或需要帮助
2026-04-25 13:17:08 - INFO - __main__:50 - 前端响应内容: {"answer": "问题或需要帮助", "sources": [], "is_end": false}
2026-04-25 13:17:09 - INFO - app.api.routes:98 - 事件类型: on_chat_model_stream
2026-04-25 13:17:09 - INFO - app.core.graph:95 - --- 流式生成内容 --- 的地方，随时告诉我哦
2026-04-25 13:17:09 - INFO - __main__:50 - 前端响应内容: {"answer": "的地方，随时告诉我哦", "sources": [], "is_end": false}
2026-04-25 13:17:09 - INFO - app.api.routes:98 - 事件类型: on_chat_model_stream
2026-04-25 13:17:09 - INFO - app.core.graph:95 - --- 流式生成内容 --- ！😊
2026-04-25 13:17:09 - INFO - __main__:50 - 前端响应内容: {"answer": "！😊", "sources": [], "is_end": false}
2026-04-25 13:17:09 - INFO - app.api.routes:98 - 事件类型: on_chat_model_stream
2026-04-25 13:17:09 - INFO - app.api.routes:98 - 事件类型: on_chat_model_end
2026-04-25 13:17:09 - INFO - app.core.graph:104 - --- 回答生成完成 ---
2026-04-25 13:17:09 - INFO - app.api.routes:98 - 事件类型: on_chain_start
2026-04-25 13:17:09 - INFO - app.api.routes:98 - 事件类型: on_chain_end
2026-04-25 13:17:09 - INFO - app.api.routes:98 - 事件类型: on_chain_stream
2026-04-25 13:17:09 - INFO - app.api.routes:98 - 事件类型: on_chain_end
2026-04-25 13:17:09 - INFO - app.api.routes:98 - 事件类型: on_chain_stream
2026-04-25 13:17:09 - INFO - app.api.routes:98 - 事件类型: on_chain_end
2026-04-25 13:17:09 - INFO - __main__:50 - 前端响应内容: {"answer": "", "sources": [], "is_end": true}
2026-04-25 13:17:14 - INFO - app.api.routes:98 - 事件类型: on_chain_start
2026-04-25 13:17:14 - INFO - app.api.routes:98 - 事件类型: on_chain_start
2026-04-25 13:17:14 - INFO - app.api.routes:98 - 事件类型: on_chain_start
2026-04-25 13:17:14 - INFO - app.api.routes:98 - 事件类型: on_chain_end
2026-04-25 13:17:14 - INFO - app.api.routes:98 - 事件类型: on_chain_start
2026-04-25 13:17:14 - INFO - app.api.routes:98 - 事件类型: on_chain_end
2026-04-25 13:17:14 - INFO - app.api.routes:98 - 事件类型: on_chain_stream
2026-04-25 13:17:14 - INFO - app.api.routes:98 - 事件类型: on_chain_end
2026-04-25 13:17:14 - INFO - app.api.routes:98 - 事件类型: on_chain_start
2026-04-25 13:17:14 - INFO - app.core.graph:34 - --- 正在为租户 tenant_A 检索资料 ---
2026-04-25 13:17:14 - INFO - app.core.rag_engine:58 - 为租户 tenant_A 初始化 RAG 引擎
2026-04-25 13:17:14 - ERROR - app.core.rag_engine:79 - 加载向量库失败: Error in __cdecl faiss::FileIOReader::FileIOReader(const char *) at D:\a\faiss-wheels\faiss-wheels\third-party\faiss\faiss\impl\io.cpp:70: Error: 'f' failed: could not open storage\tenant_A\index\index.faiss for reading: No such file or directory
Traceback (most recent call last):
  File "D:\HJ\PythonProject\enterprise_knowledge_base\app\core\rag_engine.py", line 73, in load_vector_store
    return FAISS.load_local(
  File "E:\python\envs_dirs\py310\lib\site-packages\langchain_community\vectorstores\faiss.py", line 1205, in load_local
    index = faiss.read_index(str(path / f"{index_name}.faiss"))
  File "E:\python\envs_dirs\py310\lib\site-packages\faiss\swigfaiss_avx2.py", line 12913, in read_index
    return _swigfaiss_avx2.read_index(*args)
RuntimeError: Error in __cdecl faiss::FileIOReader::FileIOReader(const char *) at D:\a\faiss-wheels\faiss-wheels\third-party\faiss\faiss\impl\io.cpp:70: Error: 'f' failed: could not open storage\tenant_A\index\index.faiss for reading: No such file or directory
2026-04-25 13:17:14 - INFO - app.api.routes:98 - 事件类型: on_chain_start
2026-04-25 13:17:14 - INFO - app.api.routes:98 - 事件类型: on_chain_end
2026-04-25 13:17:14 - INFO - app.api.routes:98 - 事件类型: on_chain_stream
2026-04-25 13:17:14 - INFO - app.api.routes:98 - 事件类型: on_chain_end
2026-04-25 13:17:14 - INFO - app.api.routes:98 - 事件类型: on_chain_stream
2026-04-25 13:17:14 - INFO - app.api.routes:98 - 事件类型: on_chain_start
2026-04-25 13:17:14 - INFO - app.core.graph:51 - --- 正在生成回答 ---
2026-04-25 13:17:14 - WARNING - app.core.graph:62 - 未找到参考资料 (context_docs 为空)
2026-04-25 13:17:14 - INFO - app.core.graph:86 - 使用通用模式回答（无参考资料）
2026-04-25 13:17:14 - INFO - app.api.routes:98 - 事件类型: on_chat_model_start
2026-04-25 13:17:14 - INFO - app.api.routes:98 - 事件类型: on_chat_model_stream
2026-04-25 13:17:14 - INFO - app.api.routes:98 - 事件类型: on_chat_model_stream
2026-04-25 13:17:14 - INFO - app.core.graph:95 - --- 流式生成内容 --- 你好
"sources": [], "is_end": false}
2026-04-25 13:17:14 - INFO - app.api.routes:98 - 事件类型: on_chat_model_stream
2026-04-25 13:17:14 - INFO - app.core.graph:95 - --- 流式生成内容 --- ，
"sources": [], "is_end": false}
2026-04-25 13:17:14 - INFO - app.api.routes:98 - 事件类型: on_chat_model_stream
2026-04-25 13:17:14 - INFO - app.core.graph:95 - --- 流式生成内容 --- 小明！
2026-04-25 13:17:14 - INFO - __main__:50 - 前端响应内容: {"answer": "小明！", "sources": [], "is_end": false}
2026-04-25 13:17:14 - INFO - app.api.routes:98 - 事件类型: on_chat_model_stream
2026-04-25 13:17:14 - INFO - __main__:50 - 前端响应内容: {"answer": "很高兴", "sources": [], "is_end": false}
2026-04-25 13:17:15 - INFO - app.api.routes:98 - 事件类型: on_chat_model_stream
2026-04-25 13:17:15 - INFO - __main__:50 - 前端响应内容: {"answer": "认识你～😊", "sources": [], "is_end": false}
2026-04-25 13:17:15 - INFO - app.api.routes:98 - 事件类型: on_chat_model_stream
2026-04-25 13:17:15 - INFO - app.core.graph:95 - --- 流式生成内容 ---   
如果你有任何问题、
2026-04-25 13:17:15 - INFO - __main__:50 - 前端响应内容: {"answer": "  \n如果你有任何问题、", "sources": [], "is_end": false}
2026-04-25 13:17:15 - INFO - app.api.routes:98 - 事件类型: on_chat_model_stream
2026-04-25 13:17:15 - INFO - __main__:50 - 前端响应内容: {"answer": "需要帮助（比如学习、", "sources": [], "is_end": false}
2026-04-25 13:17:15 - INFO - app.api.routes:98 - 事件类型: on_chat_model_stream
2026-04-25 13:17:15 - INFO - app.core.graph:95 - --- 流式生成内容 --- 生活、科技、写作
"sources": [], "is_end": false}
2026-04-25 13:17:15 - INFO - app.api.routes:98 - 事件类型: on_chat_model_stream
2026-04-25 13:17:15 - INFO - app.core.graph:95 - --- 流式生成内容 --- 、解题、编程
2026-04-25 13:17:15 - INFO - __main__:50 - 前端响应内容: {"answer": "、解题、编程", "sources": [], "is_end": false}
2026-04-25 13:17:15 - INFO - app.api.routes:98 - 事件类型: on_chat_model_stream
2026-04-25 13:17:15 - INFO - app.core.graph:95 - --- 流式生成内容 --- 等），或者只是
"sources": [], "is_end": false}
2026-04-25 13:17:15 - INFO - app.api.routes:98 - 事件类型: on_chat_model_stream
2026-04-25 13:17:15 - INFO - __main__:50 - 前端响应内容: {"answer": "想聊聊天，我都很", "sources": [], "is_end": false}
2026-04-25 13:17:15 - INFO - app.api.routes:98 - 事件类型: on_chat_model_stream
2026-04-25 13:17:15 - INFO - app.core.graph:95 - --- 流式生成内容 --- 乐意陪你一起探讨
"sources": [], "is_end": false}
2026-04-25 13:17:15 - INFO - app.api.routes:98 - 事件类型: on_chat_model_stream
2026-04-25 13:17:15 - INFO - app.core.graph:95 - --- 流式生成内容 --- ！  
需要我帮你做
"sources": [], "is_end": false}
2026-04-25 13:17:15 - INFO - app.api.routes:98 - 事件类型: on_chat_model_stream
2026-04-25 13:17:15 - INFO - __main__:50 - 前端响应内容: {"answer": "点什么吗？🌟", "sources": [], "is_end": false}
2026-04-25 13:17:15 - INFO - app.api.routes:98 - 事件类型: on_chat_model_stream
2026-04-25 13:17:15 - INFO - app.api.routes:98 - 事件类型: on_chat_model_end
2026-04-25 13:17:15 - INFO - app.core.graph:104 - --- 回答生成完成 ---
2026-04-25 13:17:15 - INFO - app.api.routes:98 - 事件类型: on_chain_start
2026-04-25 13:17:15 - INFO - app.api.routes:98 - 事件类型: on_chain_end
2026-04-25 13:17:15 - INFO - app.api.routes:98 - 事件类型: on_chain_stream
2026-04-25 13:17:15 - INFO - app.api.routes:98 - 事件类型: on_chain_end
2026-04-25 13:17:15 - INFO - app.api.routes:98 - 事件类型: on_chain_stream
2026-04-25 13:17:15 - INFO - app.api.routes:98 - 事件类型: on_chain_end
2026-04-25 13:17:15 - INFO - __main__:50 - 前端响应内容: {"answer": "", "sources": [], "is_end": true}
2026-04-25 13:17:22 - INFO - app.api.routes:98 - 事件类型: on_chain_start
2026-04-25 13:17:22 - INFO - app.api.routes:98 - 事件类型: on_chain_start
2026-04-25 13:17:22 - INFO - app.api.routes:98 - 事件类型: on_chain_start
2026-04-25 13:17:22 - INFO - app.api.routes:98 - 事件类型: on_chain_end
2026-04-25 13:17:22 - INFO - app.api.routes:98 - 事件类型: on_chain_start
2026-04-25 13:17:22 - INFO - app.api.routes:98 - 事件类型: on_chain_end
2026-04-25 13:17:22 - INFO - app.api.routes:98 - 事件类型: on_chain_stream
2026-04-25 13:17:22 - INFO - app.api.routes:98 - 事件类型: on_chain_end
2026-04-25 13:17:22 - INFO - app.api.routes:98 - 事件类型: on_chain_start
2026-04-25 13:17:22 - INFO - app.core.graph:34 - --- 正在为租户 tenant_A 检索资料 ---
2026-04-25 13:17:22 - INFO - app.core.rag_engine:58 - 为租户 tenant_A 初始化 RAG 引擎
2026-04-25 13:17:22 - ERROR - app.core.rag_engine:79 - 加载向量库失败: Error in __cdecl faiss::FileIOReader::FileIOReader(const char *) at D:\a\faiss-wheels\faiss-wheels\third-party\faiss\faiss\impl\io.cpp:70: Error: 'f' failed: could not open storage\tenant_A\index\index.faiss for reading: No such file or directory
Traceback (most recent call last):
  File "D:\HJ\PythonProject\enterprise_knowledge_base\app\core\rag_engine.py", line 73, in load_vector_store
    return FAISS.load_local(
  File "E:\python\envs_dirs\py310\lib\site-packages\langchain_community\vectorstores\faiss.py", line 1205, in load_local
    index = faiss.read_index(str(path / f"{index_name}.faiss"))
  File "E:\python\envs_dirs\py310\lib\site-packages\faiss\swigfaiss_avx2.py", line 12913, in read_index
    return _swigfaiss_avx2.read_index(*args)
RuntimeError: Error in __cdecl faiss::FileIOReader::FileIOReader(const char *) at D:\a\faiss-wheels\faiss-wheels\third-party\faiss\faiss\impl\io.cpp:70: Error: 'f' failed: could not open storage\tenant_A\index\index.faiss for reading: No such file or directory
2026-04-25 13:17:22 - INFO - app.api.routes:98 - 事件类型: on_chain_start
2026-04-25 13:17:22 - INFO - app.api.routes:98 - 事件类型: on_chain_end
2026-04-25 13:17:22 - INFO - app.api.routes:98 - 事件类型: on_chain_stream
2026-04-25 13:17:22 - INFO - app.api.routes:98 - 事件类型: on_chain_end
2026-04-25 13:17:22 - INFO - app.api.routes:98 - 事件类型: on_chain_stream
2026-04-25 13:17:22 - INFO - app.api.routes:98 - 事件类型: on_chain_start
2026-04-25 13:17:22 - INFO - app.core.graph:51 - --- 正在生成回答 ---
2026-04-25 13:17:22 - WARNING - app.core.graph:62 - 未找到参考资料 (context_docs 为空)
2026-04-25 13:17:22 - INFO - app.core.graph:86 - 使用通用模式回答（无参考资料）
2026-04-25 13:17:22 - INFO - app.api.routes:98 - 事件类型: on_chat_model_start
2026-04-25 13:17:22 - INFO - app.api.routes:98 - 事件类型: on_chat_model_stream
2026-04-25 13:17:22 - INFO - app.api.routes:98 - 事件类型: on_chat_model_stream
2026-04-25 13:17:22 - INFO - __main__:50 - 前端响应内容: {"answer": "我", "sources": [], "is_end": false}
2026-04-25 13:17:22 - INFO - app.api.routes:98 - 事件类型: on_chat_model_stream
2026-04-25 13:17:22 - INFO - __main__:50 - 前端响应内容: {"answer": "无法知道", "sources": [], "is_end": false}
2026-04-25 13:17:22 - INFO - app.core.graph:95 - --- 流式生成内容 --- 无法知道
2026-04-25 13:17:22 - INFO - app.api.routes:98 - 事件类型: on_chat_model_stream
2026-04-25 13:17:22 - INFO - __main__:50 - 前端响应内容: {"answer": "你的名字，", "sources": [], "is_end": false}
2026-04-25 13:17:22 - INFO - app.api.routes:98 - 事件类型: on_chat_model_stream
2026-04-25 13:17:22 - INFO - __main__:50 - 前端响应内容: {"answer": "因为这", "sources": [], "is_end": false}
2026-04-25 13:17:23 - INFO - app.api.routes:98 - 事件类型: on_chat_model_stream
2026-04-25 13:17:23 - INFO - app.core.graph:95 - --- 流式生成内容 --- 属于个人隐私信息
"sources": [], "is_end": false}
2026-04-25 13:17:23 - INFO - app.api.routes:98 - 事件类型: on_chat_model_stream
2026-04-25 13:17:23 - INFO - __main__:50 - 前端响应内容: {"answer": "，且我们之前的", "sources": [], "is_end": false}
2026-04-25 13:17:23 - INFO - app.api.routes:98 - 事件类型: on_chat_model_stream
2026-04-25 13:17:23 - INFO - app.core.graph:95 - --- 流式生成内容 --- 对话中你没有提供过
"sources": [], "is_end": false}
2026-04-25 13:17:23 - INFO - app.api.routes:98 - 事件类型: on_chat_model_stream
2026-04-25 13:17:23 - INFO - app.core.graph:95 - --- 流式生成内容 --- 。如果你愿意告诉我，我很
"sources": [], "is_end": false}
2026-04-25 13:17:23 - INFO - app.api.routes:98 - 事件类型: on_chat_model_stream
2026-04-25 13:17:23 - INFO - app.core.graph:95 - --- 流式生成内容 --- 乐意记住并用
"sources": [], "is_end": false}
2026-04-25 13:17:23 - INFO - app.api.routes:98 - 事件类型: on_chat_model_stream
2026-04-25 13:17:23 - INFO - app.core.graph:95 - --- 流式生成内容 --- 它来更好地与
"sources": [], "is_end": false}
2026-04-25 13:17:23 - INFO - app.api.routes:98 - 事件类型: on_chat_model_stream
2026-04-25 13:17:23 - INFO - app.core.graph:95 - --- 流式生成内容 --- 你交流！😊
"sources": [], "is_end": false}
2026-04-25 13:17:23 - INFO - app.api.routes:98 - 事件类型: on_chat_model_stream
2026-04-25 13:17:23 - INFO - app.api.routes:98 - 事件类型: on_chat_model_end
2026-04-25 13:17:23 - INFO - app.core.graph:104 - --- 回答生成完成 ---
2026-04-25 13:17:23 - INFO - app.api.routes:98 - 事件类型: on_chain_start
2026-04-25 13:17:23 - INFO - app.api.routes:98 - 事件类型: on_chain_end
2026-04-25 13:17:23 - INFO - app.api.routes:98 - 事件类型: on_chain_stream
2026-04-25 13:17:23 - INFO - app.api.routes:98 - 事件类型: on_chain_end
2026-04-25 13:17:23 - INFO - app.api.routes:98 - 事件类型: on_chain_stream
2026-04-25 13:17:23 - INFO - app.api.routes:98 - 事件类型: on_chain_end
2026-04-25 13:17:23 - INFO - __main__:50 - 前端响应内容: {"answer": "", "sources": [], "is_end": true}
2026-04-25 13:17:38 - INFO - app.api.routes:98 - 事件类型: on_chain_start
2026-04-25 13:17:38 - INFO - app.api.routes:98 - 事件类型: on_chain_start
2026-04-25 13:17:38 - INFO - app.api.routes:98 - 事件类型: on_chain_start
2026-04-25 13:17:38 - INFO - app.api.routes:98 - 事件类型: on_chain_end
2026-04-25 13:17:38 - INFO - app.api.routes:98 - 事件类型: on_chain_start
2026-04-25 13:17:38 - INFO - app.api.routes:98 - 事件类型: on_chain_end
2026-04-25 13:17:38 - INFO - app.api.routes:98 - 事件类型: on_chain_stream
2026-04-25 13:17:38 - INFO - app.api.routes:98 - 事件类型: on_chain_end
2026-04-25 13:17:38 - INFO - app.api.routes:98 - 事件类型: on_chain_start
2026-04-25 13:17:38 - INFO - app.core.graph:34 - --- 正在为租户 tenant_A 检索资料 ---
2026-04-25 13:17:38 - INFO - app.core.rag_engine:58 - 为租户 tenant_A 初始化 RAG 引擎
2026-04-25 13:17:38 - ERROR - app.core.rag_engine:79 - 加载向量库失败: Error in __cdecl faiss::FileIOReader::FileIOReader(const char *) at D:\a\faiss-wheels\faiss-wheels\third-party\faiss\faiss\impl\io.cpp:70: Error: 'f' failed: could not open storage\tenant_A\index\index.faiss for reading: No such file or directory
Traceback (most recent call last):
  File "D:\HJ\PythonProject\enterprise_knowledge_base\app\core\rag_engine.py", line 73, in load_vector_store
    return FAISS.load_local(
  File "E:\python\envs_dirs\py310\lib\site-packages\langchain_community\vectorstores\faiss.py", line 1205, in load_local
    index = faiss.read_index(str(path / f"{index_name}.faiss"))
  File "E:\python\envs_dirs\py310\lib\site-packages\faiss\swigfaiss_avx2.py", line 12913, in read_index
    return _swigfaiss_avx2.read_index(*args)
RuntimeError: Error in __cdecl faiss::FileIOReader::FileIOReader(const char *) at D:\a\faiss-wheels\faiss-wheels\third-party\faiss\faiss\impl\io.cpp:70: Error: 'f' failed: could not open storage\tenant_A\index\index.faiss for reading: No such file or directory
2026-04-25 13:17:38 - INFO - app.api.routes:98 - 事件类型: on_chain_start
2026-04-25 13:17:38 - INFO - app.api.routes:98 - 事件类型: on_chain_end
2026-04-25 13:17:38 - INFO - app.api.routes:98 - 事件类型: on_chain_stream
2026-04-25 13:17:38 - INFO - app.api.routes:98 - 事件类型: on_chain_end
2026-04-25 13:17:38 - INFO - app.api.routes:98 - 事件类型: on_chain_stream
2026-04-25 13:17:38 - INFO - app.api.routes:98 - 事件类型: on_chain_start
2026-04-25 13:17:38 - INFO - app.core.graph:51 - --- 正在生成回答 ---
2026-04-25 13:17:38 - WARNING - app.core.graph:62 - 未找到参考资料 (context_docs 为空)
2026-04-25 13:17:38 - INFO - app.core.graph:86 - 使用通用模式回答（无参考资料）
2026-04-25 13:17:38 - INFO - app.api.routes:98 - 事件类型: on_chat_model_start
2026-04-25 13:17:38 - INFO - app.api.routes:98 - 事件类型: on_chat_model_stream
2026-04-25 13:17:38 - INFO - app.api.routes:98 - 事件类型: on_chat_model_stream
2026-04-25 13:17:38 - INFO - app.core.graph:95 - --- 流式生成内容 --- 我
"sources": [], "is_end": false}
2026-04-25 13:17:38 - INFO - app.api.routes:98 - 事件类型: on_chat_model_stream
2026-04-25 13:17:38 - INFO - app.core.graph:95 - --- 流式生成内容 --- 无法
"sources": [], "is_end": false}
2026-04-25 13:17:38 - INFO - app.api.routes:98 - 事件类型: on_chat_model_stream
2026-04-25 13:17:38 - INFO - app.core.graph:95 - --- 流式生成内容 --- 查看
"sources": [], "is_end": false}
2026-04-25 13:17:38 - INFO - app.api.routes:98 - 事件类型: on_chat_model_stream
2026-04-25 13:17:38 - INFO - app.core.graph:95 - --- 流式生成内容 --- 或回忆
"sources": [], "is_end": false}
2026-04-25 13:17:38 - INFO - app.api.routes:98 - 事件类型: on_chat_model_stream
2026-04-25 13:17:38 - INFO - __main__:50 - 前端响应内容: {"answer": "之前的对话历史。作为", "sources": [], "is_end": false}
2026-04-25 13:17:39 - INFO - app.api.routes:98 - 事件类型: on_chat_model_stream
2026-04-25 13:17:39 - INFO - app.core.graph:95 - --- 流式生成内容 --- AI助手，我默认
"sources": [], "is_end": false}
2026-04-25 13:17:39 - INFO - app.api.routes:98 - 事件类型: on_chat_model_stream
2026-04-25 13:17:39 - INFO - __main__:50 - 前端响应内容: {"answer": "不保存或访问", "sources": [], "is_end": false}
2026-04-25 13:17:39 - INFO - app.core.graph:95 - --- 流式生成内容 --- 不保存或访问
2026-04-25 13:17:39 - INFO - app.api.routes:98 - 事件类型: on_chat_model_stream
2026-04-25 13:17:39 - INFO - app.core.graph:95 - --- 流式生成内容 --- 过往的聊天记录——
"sources": [], "is_end": false}
2026-04-25 13:17:39 - INFO - app.api.routes:98 - 事件类型: on_chat_model_stream
2026-04-25 13:17:39 - INFO - __main__:50 - 前端响应内容: {"answer": "每次对话都是独立的（", "sources": [], "is_end": false}
2026-04-25 13:17:39 - INFO - app.api.routes:98 - 事件类型: on_chat_model_stream
2026-04-25 13:17:39 - INFO - __main__:50 - 前端响应内容: {"answer": "除非在特定平台", "sources": [], "is_end": false}
2026-04-25 13:17:39 - INFO - app.api.routes:98 - 事件类型: on_chat_model_stream
2026-04-25 13:17:39 - INFO - app.core.graph:95 - --- 流式生成内容 --- 中启用了上下
2026-04-25 13:17:39 - INFO - __main__:50 - 前端响应内容: {"answer": "中启用了上下", "sources": [], "is_end": false}
2026-04-25 13:17:39 - INFO - app.api.routes:98 - 事件类型: on_chat_model_stream
2026-04-25 13:17:39 - INFO - app.core.graph:95 - --- 流式生成内容 --- 文记忆功能，但
2026-04-25 13:17:39 - INFO - __main__:50 - 前端响应内容: {"answer": "文记忆功能，但", "sources": [], "is_end": false}
2026-04-25 13:17:39 - INFO - app.api.routes:98 - 事件类型: on_chat_model_stream
2026-04-25 13:17:39 - INFO - __main__:50 - 前端响应内容: {"answer": "该功能受限于当前", "sources": [], "is_end": false}
2026-04-25 13:17:39 - INFO - app.api.routes:98 - 事件类型: on_chat_model_stream
2026-04-25 13:17:39 - INFO - __main__:50 - 前端响应内容: {"answer": "会话窗口，", "sources": [], "is_end": false}
2026-04-25 13:17:40 - INFO - app.api.routes:98 - 事件类型: on_chat_model_stream
2026-04-25 13:17:40 - INFO - app.core.graph:95 - --- 流式生成内容 --- 且不会跨轮
"sources": [], "is_end": false}
2026-04-25 13:17:40 - INFO - app.api.routes:98 - 事件类型: on_chat_model_stream
2026-04-25 13:17:40 - INFO - __main__:50 - 前端响应内容: {"answer": "次长期存储）", "sources": [], "is_end": false}
2026-04-25 13:17:40 - INFO - app.core.graph:95 - --- 流式生成内容 --- 次长期存储）
2026-04-25 13:17:40 - INFO - app.api.routes:98 - 事件类型: on_chat_model_stream
2026-04-25 13:17:40 - INFO - __main__:50 - 前端响应内容: {"answer": "。\n\n因此，我", "sources": [], "is_end": false}
2026-04-25 13:17:40 - INFO - app.api.routes:98 - 事件类型: on_chat_model_stream
2026-04-25 13:17:40 - INFO - __main__:50 - 前端响应内容: {"answer": "无法知道你“", "sources": [], "is_end": false}
2026-04-25 13:17:40 - INFO - app.api.routes:98 - 事件类型: on_chat_model_stream
2026-04-25 13:17:40 - INFO - __main__:50 - 前端响应内容: {"answer": "刚刚发了几次对话", "sources": [], "is_end": false}
2026-04-25 13:17:40 - INFO - app.api.routes:98 - 事件类型: on_chat_model_stream
2026-04-25 13:17:40 - INFO - app.core.graph:95 - --- 流式生成内容 --- ”或它们的具体
2026-04-25 13:17:40 - INFO - __main__:50 - 前端响应内容: {"answer": "”或它们的具体", "sources": [], "is_end": false}
2026-04-25 13:17:40 - INFO - app.api.routes:98 - 事件类型: on_chat_model_stream
2026-04-25 13:17:40 - INFO - __main__:50 - 前端响应内容: {"answer": "内容。如果你愿意", "sources": [], "is_end": false}
2026-04-25 13:17:40 - INFO - app.api.routes:98 - 事件类型: on_chat_model_stream
2026-04-25 13:17:40 - INFO - app.core.graph:95 - --- 流式生成内容 --- ，可以重新发送相关
"sources": [], "is_end": false}
2026-04-25 13:17:40 - INFO - app.api.routes:98 - 事件类型: on_chat_model_stream
2026-04-25 13:17:40 - INFO - __main__:50 - 前端响应内容: {"answer": "问题或信息，我会尽力", "sources": [], "is_end": false}
2026-04-25 13:17:40 - INFO - app.api.routes:98 - 事件类型: on_chat_model_stream
2026-04-25 13:17:40 - INFO - app.core.graph:95 - --- 流式生成内容 --- 为你解答或协助
2026-04-25 13:17:40 - INFO - __main__:50 - 前端响应内容: {"answer": "为你解答或协助", "sources": [], "is_end": false}
2026-04-25 13:17:40 - INFO - app.api.routes:98 - 事件类型: on_chat_model_stream
2026-04-25 13:17:40 - INFO - __main__:50 - 前端响应内容: {"answer": "！😊", "sources": [], "is_end": false}
2026-04-25 13:17:40 - INFO - app.api.routes:98 - 事件类型: on_chat_model_stream
2026-04-25 13:17:40 - INFO - app.api.routes:98 - 事件类型: on_chat_model_end
2026-04-25 13:17:40 - INFO - app.core.graph:104 - --- 回答生成完成 ---
2026-04-25 13:17:40 - INFO - app.api.routes:98 - 事件类型: on_chain_start
2026-04-25 13:17:40 - INFO - app.api.routes:98 - 事件类型: on_chain_end
2026-04-25 13:17:40 - INFO - app.api.routes:98 - 事件类型: on_chain_stream
2026-04-25 13:17:40 - INFO - app.api.routes:98 - 事件类型: on_chain_end
2026-04-25 13:17:40 - INFO - app.api.routes:98 - 事件类型: on_chain_stream
2026-04-25 13:17:40 - INFO - app.api.routes:98 - 事件类型: on_chain_end
2026-04-25 13:17:40 - INFO - __main__:50 - 前端响应内容: {"answer": "", "sources": [], "is_end": true}
2026-04-25 13:20:21 - INFO - app.api.routes:98 - 事件类型: on_chain_start
2026-04-25 13:20:21 - INFO - app.api.routes:98 - 事件类型: on_chain_start
2026-04-25 13:20:21 - INFO - app.api.routes:98 - 事件类型: on_chain_start
2026-04-25 13:20:21 - INFO - app.api.routes:98 - 事件类型: on_chain_end
2026-04-25 13:20:21 - INFO - app.api.routes:98 - 事件类型: on_chain_start
2026-04-25 13:20:21 - INFO - app.api.routes:98 - 事件类型: on_chain_end
2026-04-25 13:20:21 - INFO - app.api.routes:98 - 事件类型: on_chain_stream
2026-04-25 13:20:21 - INFO - app.api.routes:98 - 事件类型: on_chain_end
2026-04-25 13:20:21 - INFO - app.api.routes:98 - 事件类型: on_chain_start
2026-04-25 13:20:21 - INFO - app.core.graph:34 - --- 正在为租户 tenant_A 检索资料 ---
2026-04-25 13:20:25 - INFO - app.core.rag_engine:58 - 为租户 tenant_A 初始化 RAG 引擎
2026-04-25 13:20:25 - ERROR - app.core.rag_engine:79 - 加载向量库失败: Error in __cdecl faiss::FileIOReader::FileIOReader(const char *) at D:\a\faiss-wheels\faiss-wheels\third-party\faiss\faiss\impl\io.cpp:70: Error: 'f' failed: could not open storage\tenant_A\index\index.faiss for reading: No such file or directory
Traceback (most recent call last):
  File "D:\HJ\PythonProject\enterprise_knowledge_base\app\core\rag_engine.py", line 73, in load_vector_store
    return FAISS.load_local(
  File "E:\python\envs_dirs\py310\lib\site-packages\langchain_community\vectorstores\faiss.py", line 1205, in load_local
    index = faiss.read_index(str(path / f"{index_name}.faiss"))
  File "E:\python\envs_dirs\py310\lib\site-packages\faiss\swigfaiss_avx2.py", line 12913, in read_index
    return _swigfaiss_avx2.read_index(*args)
RuntimeError: Error in __cdecl faiss::FileIOReader::FileIOReader(const char *) at D:\a\faiss-wheels\faiss-wheels\third-party\faiss\faiss\impl\io.cpp:70: Error: 'f' failed: could not open storage\tenant_A\index\index.faiss for reading: No such file or directory
2026-04-25 13:20:25 - INFO - app.api.routes:98 - 事件类型: on_chain_start
2026-04-25 13:20:25 - INFO - app.api.routes:98 - 事件类型: on_chain_end
2026-04-25 13:20:25 - INFO - app.api.routes:98 - 事件类型: on_chain_stream
2026-04-25 13:20:25 - INFO - app.api.routes:98 - 事件类型: on_chain_end
2026-04-25 13:20:25 - INFO - app.api.routes:98 - 事件类型: on_chain_stream
2026-04-25 13:20:25 - INFO - app.api.routes:98 - 事件类型: on_chain_start
2026-04-25 13:20:25 - INFO - app.core.graph:51 - --- 正在生成回答 ---
2026-04-25 13:20:25 - WARNING - app.core.graph:62 - 未找到参考资料 (context_docs 为空)
2026-04-25 13:20:25 - INFO - app.core.graph:86 - 使用通用模式回答（无参考资料）
2026-04-25 13:20:25 - INFO - app.api.routes:98 - 事件类型: on_chat_model_start
2026-04-25 13:20:26 - INFO - app.api.routes:98 - 事件类型: on_chat_model_stream
2026-04-25 13:20:26 - INFO - app.api.routes:98 - 事件类型: on_chat_model_stream
2026-04-25 13:20:26 - INFO - app.core.graph:95 - --- 流式生成内容 --- 你好
2026-04-25 13:20:26 - INFO - __main__:50 - 前端响应内容: {"answer": "你好", "sources": [], "is_end": false}
2026-04-25 13:20:26 - INFO - app.api.routes:98 - 事件类型: on_chat_model_stream
2026-04-25 13:20:26 - INFO - app.core.graph:95 - --- 流式生成内容 --- ！很高兴见到
2026-04-25 13:20:26 - INFO - __main__:50 - 前端响应内容: {"answer": "！很高兴见到", "sources": [], "is_end": false}
2026-04-25 13:20:26 - INFO - app.api.routes:98 - 事件类型: on_chat_model_stream
2026-04-25 13:20:26 - INFO - app.core.graph:95 - --- 流式生成内容 --- 你～
"sources": [], "is_end": false}
2026-04-25 13:20:26 - INFO - app.api.routes:98 - 事件类型: on_chat_model_stream
2026-04-25 13:20:26 - INFO - __main__:50 - 前端响应内容: {"answer": "有什么", "sources": [], "is_end": false}
2026-04-25 13:20:26 - INFO - app.api.routes:98 - 事件类型: on_chat_model_stream
2026-04-25 13:20:26 - INFO - app.core.graph:95 - --- 流式生成内容 --- 问题或需要帮助
2026-04-25 13:20:26 - INFO - __main__:50 - 前端响应内容: {"answer": "问题或需要帮助", "sources": [], "is_end": false}
2026-04-25 13:20:26 - INFO - app.api.routes:98 - 事件类型: on_chat_model_stream
2026-04-25 13:20:26 - INFO - __main__:50 - 前端响应内容: {"answer": "的地方，随时告诉我哦", "sources": [], "is_end": false}
2026-04-25 13:20:26 - INFO - app.api.routes:98 - 事件类型: on_chat_model_stream
2026-04-25 13:20:26 - INFO - __main__:50 - 前端响应内容: {"answer": "！😊", "sources": [], "is_end": false}
2026-04-25 13:20:26 - INFO - app.api.routes:98 - 事件类型: on_chat_model_stream
2026-04-25 13:20:26 - INFO - app.api.routes:98 - 事件类型: on_chat_model_end
2026-04-25 13:20:26 - ERROR - app.core.graph:101 - LLM 调用失败: can only concatenate list (not "str") to list
2026-04-25 13:20:26 - INFO - app.core.graph:104 - --- 回答生成完成 ---
2026-04-25 13:20:26 - INFO - app.api.routes:98 - 事件类型: on_chain_start
2026-04-25 13:20:26 - INFO - app.api.routes:98 - 事件类型: on_chain_end
2026-04-25 13:20:26 - INFO - app.api.routes:98 - 事件类型: on_chain_stream
2026-04-25 13:20:26 - INFO - app.api.routes:98 - 事件类型: on_chain_end
2026-04-25 13:20:26 - INFO - app.api.routes:98 - 事件类型: on_chain_stream
2026-04-25 13:20:26 - INFO - app.api.routes:98 - 事件类型: on_chain_end
2026-04-25 13:20:26 - INFO - __main__:50 - 前端响应内容: {"answer": "", "sources": [], "is_end": true}
2026-04-25 13:20:30 - INFO - app.api.routes:98 - 事件类型: on_chain_start
2026-04-25 13:20:30 - INFO - app.api.routes:98 - 事件类型: on_chain_start
2026-04-25 13:20:30 - INFO - app.api.routes:98 - 事件类型: on_chain_start
2026-04-25 13:20:30 - INFO - app.api.routes:98 - 事件类型: on_chain_end
2026-04-25 13:20:30 - INFO - app.api.routes:98 - 事件类型: on_chain_start
2026-04-25 13:20:30 - INFO - app.api.routes:98 - 事件类型: on_chain_end
2026-04-25 13:20:30 - INFO - app.api.routes:98 - 事件类型: on_chain_stream
2026-04-25 13:20:30 - INFO - app.api.routes:98 - 事件类型: on_chain_end
2026-04-25 13:20:30 - INFO - app.api.routes:98 - 事件类型: on_chain_start
2026-04-25 13:20:30 - INFO - app.core.graph:34 - --- 正在为租户 tenant_A 检索资料 ---
2026-04-25 13:20:30 - INFO - app.core.rag_engine:58 - 为租户 tenant_A 初始化 RAG 引擎
2026-04-25 13:20:30 - ERROR - app.core.rag_engine:79 - 加载向量库失败: Error in __cdecl faiss::FileIOReader::FileIOReader(const char *) at D:\a\faiss-wheels\faiss-wheels\third-party\faiss\faiss\impl\io.cpp:70: Error: 'f' failed: could not open storage\tenant_A\index\index.faiss for reading: No such file or directory
Traceback (most recent call last):
  File "D:\HJ\PythonProject\enterprise_knowledge_base\app\core\rag_engine.py", line 73, in load_vector_store
    return FAISS.load_local(
  File "E:\python\envs_dirs\py310\lib\site-packages\langchain_community\vectorstores\faiss.py", line 1205, in load_local
    index = faiss.read_index(str(path / f"{index_name}.faiss"))
  File "E:\python\envs_dirs\py310\lib\site-packages\faiss\swigfaiss_avx2.py", line 12913, in read_index
    return _swigfaiss_avx2.read_index(*args)
RuntimeError: Error in __cdecl faiss::FileIOReader::FileIOReader(const char *) at D:\a\faiss-wheels\faiss-wheels\third-party\faiss\faiss\impl\io.cpp:70: Error: 'f' failed: could not open storage\tenant_A\index\index.faiss for reading: No such file or directory
2026-04-25 13:20:30 - INFO - app.api.routes:98 - 事件类型: on_chain_start
2026-04-25 13:20:30 - INFO - app.api.routes:98 - 事件类型: on_chain_end
2026-04-25 13:20:30 - INFO - app.api.routes:98 - 事件类型: on_chain_stream
2026-04-25 13:20:30 - INFO - app.api.routes:98 - 事件类型: on_chain_end
2026-04-25 13:20:30 - INFO - app.api.routes:98 - 事件类型: on_chain_stream
2026-04-25 13:20:30 - INFO - app.api.routes:98 - 事件类型: on_chain_start
2026-04-25 13:20:30 - INFO - app.core.graph:51 - --- 正在生成回答 ---
2026-04-25 13:20:30 - WARNING - app.core.graph:62 - 未找到参考资料 (context_docs 为空)
2026-04-25 13:20:30 - INFO - app.core.graph:86 - 使用通用模式回答（无参考资料）
2026-04-25 13:20:30 - INFO - app.api.routes:98 - 事件类型: on_chat_model_start
2026-04-25 13:20:31 - INFO - app.api.routes:98 - 事件类型: on_chat_model_stream
2026-04-25 13:20:31 - INFO - app.api.routes:98 - 事件类型: on_chat_model_stream
2026-04-25 13:20:31 - INFO - __main__:50 - 前端响应内容: {"answer": "你好", "sources": [], "is_end": false}
2026-04-25 13:20:31 - INFO - app.api.routes:98 - 事件类型: on_chat_model_stream
2026-04-25 13:20:31 - INFO - __main__:50 - 前端响应内容: {"answer": "，", "sources": [], "is_end": false}
2026-04-25 13:20:31 - INFO - app.api.routes:98 - 事件类型: on_chat_model_stream
2026-04-25 13:20:31 - INFO - app.core.graph:95 - --- 流式生成内容 --- 小明！
2026-04-25 13:20:31 - INFO - __main__:50 - 前端响应内容: {"answer": "小明！", "sources": [], "is_end": false}
2026-04-25 13:20:31 - INFO - app.api.routes:98 - 事件类型: on_chat_model_stream
2026-04-25 13:20:31 - INFO - __main__:50 - 前端响应内容: {"answer": "很高兴", "sources": [], "is_end": false}
2026-04-25 13:20:31 - INFO - app.core.graph:95 - --- 流式生成内容 --- 很高兴
2026-04-25 13:20:31 - INFO - app.api.routes:98 - 事件类型: on_chat_model_stream
2026-04-25 13:20:31 - INFO - app.core.graph:95 - --- 流式生成内容 --- 认识你～😊
2026-04-25 13:20:31 - INFO - __main__:50 - 前端响应内容: {"answer": "认识你～😊", "sources": [], "is_end": false}
2026-04-25 13:20:31 - INFO - app.api.routes:98 - 事件类型: on_chat_model_stream
2026-04-25 13:20:31 - INFO - __main__:50 - 前端响应内容: {"answer": "  \n如果你有任何问题、", "sources": [], "is_end": false}
2026-04-25 13:20:31 - INFO - app.api.routes:98 - 事件类型: on_chat_model_stream
2026-04-25 13:20:31 - INFO - __main__:50 - 前端响应内容: {"answer": "需要帮助（比如学习、", "sources": [], "is_end": false}
2026-04-25 13:20:31 - INFO - app.api.routes:98 - 事件类型: on_chat_model_stream
2026-04-25 13:20:31 - INFO - __main__:50 - 前端响应内容: {"answer": "生活、科技、写作", "sources": [], "is_end": false}
2026-04-25 13:20:32 - INFO - app.api.routes:98 - 事件类型: on_chat_model_stream
2026-04-25 13:20:32 - INFO - __main__:50 - 前端响应内容: {"answer": "、解题、编程", "sources": [], "is_end": false}
2026-04-25 13:20:32 - INFO - app.api.routes:98 - 事件类型: on_chat_model_stream
2026-04-25 13:20:32 - INFO - app.core.graph:95 - --- 流式生成内容 --- 等），或者只是
"sources": [], "is_end": false}
2026-04-25 13:20:32 - INFO - app.api.routes:98 - 事件类型: on_chat_model_stream
2026-04-25 13:20:32 - INFO - app.core.graph:95 - --- 流式生成内容 --- 想聊聊天，我都很
"sources": [], "is_end": false}
2026-04-25 13:20:32 - INFO - app.api.routes:98 - 事件类型: on_chat_model_stream
2026-04-25 13:20:32 - INFO - app.core.graph:95 - --- 流式生成内容 --- 乐意陪你一起探讨
"sources": [], "is_end": false}
2026-04-25 13:20:32 - INFO - app.api.routes:98 - 事件类型: on_chat_model_stream
2026-04-25 13:20:32 - INFO - app.core.graph:95 - --- 流式生成内容 --- ！  
需要我帮你做
"sources": [], "is_end": false}
2026-04-25 13:20:32 - INFO - app.api.routes:98 - 事件类型: on_chat_model_stream
2026-04-25 13:20:32 - INFO - __main__:50 - 前端响应内容: {"answer": "点什么吗？🌟", "sources": [], "is_end": false}
2026-04-25 13:20:32 - INFO - app.api.routes:98 - 事件类型: on_chat_model_stream
2026-04-25 13:20:32 - INFO - app.api.routes:98 - 事件类型: on_chat_model_end
2026-04-25 13:20:32 - ERROR - app.core.graph:101 - LLM 调用失败: can only concatenate list (not "str") to list
2026-04-25 13:20:32 - INFO - app.core.graph:104 - --- 回答生成完成 ---
2026-04-25 13:20:32 - INFO - app.api.routes:98 - 事件类型: on_chain_start
2026-04-25 13:20:32 - INFO - app.api.routes:98 - 事件类型: on_chain_end
2026-04-25 13:20:32 - INFO - app.api.routes:98 - 事件类型: on_chain_stream
2026-04-25 13:20:32 - INFO - app.api.routes:98 - 事件类型: on_chain_end
2026-04-25 13:20:32 - INFO - app.api.routes:98 - 事件类型: on_chain_stream
2026-04-25 13:20:32 - INFO - app.api.routes:98 - 事件类型: on_chain_end
2026-04-25 13:20:32 - INFO - __main__:50 - 前端响应内容: {"answer": "", "sources": [], "is_end": true}
2026-04-25 13:20:37 - INFO - app.api.routes:98 - 事件类型: on_chain_start
2026-04-25 13:20:37 - INFO - app.api.routes:98 - 事件类型: on_chain_start
2026-04-25 13:20:37 - INFO - app.api.routes:98 - 事件类型: on_chain_start
2026-04-25 13:20:37 - INFO - app.api.routes:98 - 事件类型: on_chain_end
2026-04-25 13:20:37 - INFO - app.api.routes:98 - 事件类型: on_chain_start
2026-04-25 13:20:37 - INFO - app.api.routes:98 - 事件类型: on_chain_end
2026-04-25 13:20:37 - INFO - app.api.routes:98 - 事件类型: on_chain_stream
2026-04-25 13:20:37 - INFO - app.api.routes:98 - 事件类型: on_chain_end
2026-04-25 13:20:37 - INFO - app.api.routes:98 - 事件类型: on_chain_start
2026-04-25 13:20:37 - INFO - app.core.graph:34 - --- 正在为租户 tenant_A 检索资料 ---
2026-04-25 13:20:37 - INFO - app.core.rag_engine:58 - 为租户 tenant_A 初始化 RAG 引擎
2026-04-25 13:20:37 - ERROR - app.core.rag_engine:79 - 加载向量库失败: Error in __cdecl faiss::FileIOReader::FileIOReader(const char *) at D:\a\faiss-wheels\faiss-wheels\third-party\faiss\faiss\impl\io.cpp:70: Error: 'f' failed: could not open storage\tenant_A\index\index.faiss for reading: No such file or directory
Traceback (most recent call last):
  File "D:\HJ\PythonProject\enterprise_knowledge_base\app\core\rag_engine.py", line 73, in load_vector_store
    return FAISS.load_local(
  File "E:\python\envs_dirs\py310\lib\site-packages\langchain_community\vectorstores\faiss.py", line 1205, in load_local
    index = faiss.read_index(str(path / f"{index_name}.faiss"))
  File "E:\python\envs_dirs\py310\lib\site-packages\faiss\swigfaiss_avx2.py", line 12913, in read_index
    return _swigfaiss_avx2.read_index(*args)
RuntimeError: Error in __cdecl faiss::FileIOReader::FileIOReader(const char *) at D:\a\faiss-wheels\faiss-wheels\third-party\faiss\faiss\impl\io.cpp:70: Error: 'f' failed: could not open storage\tenant_A\index\index.faiss for reading: No such file or directory
2026-04-25 13:20:37 - INFO - app.api.routes:98 - 事件类型: on_chain_start
2026-04-25 13:20:37 - INFO - app.api.routes:98 - 事件类型: on_chain_end
2026-04-25 13:20:37 - INFO - app.api.routes:98 - 事件类型: on_chain_stream
2026-04-25 13:20:37 - INFO - app.api.routes:98 - 事件类型: on_chain_end
2026-04-25 13:20:37 - INFO - app.api.routes:98 - 事件类型: on_chain_stream
2026-04-25 13:20:37 - INFO - app.api.routes:98 - 事件类型: on_chain_start
2026-04-25 13:20:37 - INFO - app.core.graph:51 - --- 正在生成回答 ---
2026-04-25 13:20:37 - WARNING - app.core.graph:62 - 未找到参考资料 (context_docs 为空)
2026-04-25 13:20:37 - INFO - app.core.graph:86 - 使用通用模式回答（无参考资料）
2026-04-25 13:20:37 - INFO - app.api.routes:98 - 事件类型: on_chat_model_start
2026-04-25 13:20:38 - INFO - app.api.routes:98 - 事件类型: on_chat_model_stream
2026-04-25 13:20:38 - INFO - app.api.routes:98 - 事件类型: on_chat_model_stream
2026-04-25 13:20:38 - INFO - app.core.graph:95 - --- 流式生成内容 --- 我
2026-04-25 13:20:38 - INFO - __main__:50 - 前端响应内容: {"answer": "我", "sources": [], "is_end": false}
2026-04-25 13:20:38 - INFO - app.api.routes:98 - 事件类型: on_chat_model_stream
2026-04-25 13:20:38 - INFO - app.core.graph:95 - --- 流式生成内容 --- 无法知道
2026-04-25 13:20:38 - INFO - __main__:50 - 前端响应内容: {"answer": "无法知道", "sources": [], "is_end": false}
2026-04-25 13:20:38 - INFO - app.api.routes:98 - 事件类型: on_chat_model_stream
2026-04-25 13:20:38 - INFO - __main__:50 - 前端响应内容: {"answer": "你的名字，", "sources": [], "is_end": false}
2026-04-25 13:20:38 - INFO - app.api.routes:98 - 事件类型: on_chat_model_stream
2026-04-25 13:20:38 - INFO - app.core.graph:95 - --- 流式生成内容 --- 因为这
"sources": [], "is_end": false}
2026-04-25 13:20:38 - INFO - app.api.routes:98 - 事件类型: on_chat_model_stream
2026-04-25 13:20:38 - INFO - app.core.graph:95 - --- 流式生成内容 --- 属于个人隐私信息
2026-04-25 13:20:38 - INFO - __main__:50 - 前端响应内容: {"answer": "属于个人隐私信息", "sources": [], "is_end": false}
2026-04-25 13:20:38 - INFO - app.api.routes:98 - 事件类型: on_chat_model_stream
2026-04-25 13:20:38 - INFO - __main__:50 - 前端响应内容: {"answer": "，且我们之前的", "sources": [], "is_end": false}
2026-04-25 13:20:38 - INFO - app.api.routes:98 - 事件类型: on_chat_model_stream
2026-04-25 13:20:38 - INFO - __main__:50 - 前端响应内容: {"answer": "对话中你没有提供过", "sources": [], "is_end": false}
2026-04-25 13:20:38 - INFO - app.api.routes:98 - 事件类型: on_chat_model_stream
2026-04-25 13:20:38 - INFO - app.core.graph:95 - --- 流式生成内容 --- 。如果你愿意告诉我，我很
"sources": [], "is_end": false}
2026-04-25 13:20:38 - INFO - app.api.routes:98 - 事件类型: on_chat_model_stream
2026-04-25 13:20:38 - INFO - __main__:50 - 前端响应内容: {"answer": "乐意记住并用", "sources": [], "is_end": false}
2026-04-25 13:20:38 - INFO - app.api.routes:98 - 事件类型: on_chat_model_stream
2026-04-25 13:20:38 - INFO - __main__:50 - 前端响应内容: {"answer": "它来更好地与", "sources": [], "is_end": false}
2026-04-25 13:20:39 - INFO - app.api.routes:98 - 事件类型: on_chat_model_stream
2026-04-25 13:20:39 - INFO - app.core.graph:95 - --- 流式生成内容 --- 你交流！😊
"sources": [], "is_end": false}
2026-04-25 13:20:39 - INFO - app.api.routes:98 - 事件类型: on_chat_model_stream
2026-04-25 13:20:39 - INFO - app.api.routes:98 - 事件类型: on_chat_model_end
2026-04-25 13:20:39 - ERROR - app.core.graph:101 - LLM 调用失败: can only concatenate list (not "str") to list
2026-04-25 13:20:39 - INFO - app.core.graph:104 - --- 回答生成完成 ---
2026-04-25 13:20:39 - INFO - app.api.routes:98 - 事件类型: on_chain_start
2026-04-25 13:20:39 - INFO - app.api.routes:98 - 事件类型: on_chain_end
2026-04-25 13:20:39 - INFO - app.api.routes:98 - 事件类型: on_chain_stream
2026-04-25 13:20:39 - INFO - app.api.routes:98 - 事件类型: on_chain_end
2026-04-25 13:20:39 - INFO - app.api.routes:98 - 事件类型: on_chain_stream
2026-04-25 13:20:39 - INFO - app.api.routes:98 - 事件类型: on_chain_end
2026-04-25 13:20:39 - INFO - __main__:50 - 前端响应内容: {"answer": "", "sources": [], "is_end": true}
